"idCode","name","rarity","rarityId","sortOrder","metadataImageWidth","metadataImageHeight","actualFrontWidth","actualFrontHeight","frontDimensionsMatchMetadata","frontPath","backPath","frontUrl","backUrl"
"※BP01-SPR01","Sunlight in the Rain","SPR※","rarity-0ahllc9y","1","745","1040","745","1040","true","Sunlight in the Rain/※BP01-SPR01__Sunlight in the Rain__front.png","Sunlight in the Rain/※BP01-SPR01__Sunlight in the Rain__back.png","https://static-sg.kayouofficial.com/overseas/website/2026/06/25/de8f3ff2229a5e4a78e6d1a571992f4a-745-1040.png","https://static-sg.kayouofficial.com/overseas/website/2026/06/25/fb30419c88271606550d24a1b3bdc090-745-1040.png"
"※BP01-SPR02","Time for Clean-up!","SPR※","rarity-0ahllc9y","2","745","1040","745","1040","true","Time for Clean-up!/※BP01-SPR02__Time for Clean-up!__front.png","Time for Clean-up!/※BP01-SPR02__Time for Clean-up!__back.png","https://static-sg.kayouofficial.com/overseas/website/2026/06/25/e484031cd0fc4b43a820dea0e9947b0b-745-1040.png","https://static-sg.kayouofficial.com/overseas/website/2026/06/25/fb30419c88271606550d24a1b3bdc090-745-1040.png"
"※BP01-SPR03","Deliver letters","SPR※","rarity-0ahllc9y","3","745","1040","745","1040","true","Deliver letters/※BP01-SPR03__Deliver letters__front.png","Deliver letters/※BP01-SPR03__Deliver letters__back.png","https://static-sg.kayouofficial.com/overseas/website/2026/06/25/d5a6d0e93565c494b415bfd3ae847428-745-1040.png","https://static-sg.kayouofficial.com/overseas/website/2026/06/25/fb30419c88271606550d24a1b3bdc090-745-1040.png"
"※BP01-SPR05","Prepared to Go","SPR※","rarity-0ahllc9y","4","745","1040","745","1040","true","Prepared to Go/※BP01-SPR05__Prepared to Go__front.png","Prepared to Go/※BP01-SPR05__Prepared to Go__back.png","https://static-sg.kayouofficial.com/overseas/website/2026/06/25/18be10c50e599792a582fac297a244c2-745-1040.png","https://static-sg.kayouofficial.com/overseas/website/2026/06/25/fb30419c88271606550d24a1b3bdc090-745-1040.png"
"※BP01-SPR07","Hair Curling","SPR※","rarity-0ahllc9y","5","745","1040","745","1040","true","Hair Curling/※BP01-SPR07__Hair Curling__front.png","Hair Curling/※BP01-SPR07__Hair Curling__back.png","https://static-sg.kayouofficial.com/overseas/website/2026/06/25/db9ac0e71f33d3e81a60024dce5f5e80-745-1040.png","https://static-sg.kayouofficial.com/overseas/website/2026/06/25/fb30419c88271606550d24a1b3bdc090-745-1040.png"
"※BP01-SPR08","Pillow Fight","SPR※","rarity-0ahllc9y","6","745","1040","745","1040","true","Pillow Fight/※BP01-SPR08__Pillow Fight__front.png","Pillow Fight/※BP01-SPR08__Pillow Fight__back.png","https://static-sg.kayouofficial.com/overseas/website/2026/06/25/b1f26eafbdca26ffc0e7e950b15de001-745-1040.png","https://static-sg.kayouofficial.com/overseas/website/2026/06/25/fb30419c88271606550d24a1b3bdc090-745-1040.png"
"※BP01-SPR09","Rain Under the Roof","SPR※","rarity-0ahllc9y","7","745","1040","745","1040","true","Rain Under the Roof/※BP01-SPR09__Rain Under the Roof__front.png","Rain Under the Roof/※BP01-SPR09__Rain Under the Roof__back.png","https://static-sg.kayouofficial.com/overseas/website/2026/06/25/20a5b5a048bb1f4de47eee765c4a4b60-745-1040.png","https://static-sg.kayouofficial.com/overseas/website/2026/06/25/fb30419c88271606550d24a1b3bdc090-745-1040.png"
"※BP01-SPR12","Hoof Power Test","SPR※","rarity-0ahllc9y","8","745","1040","745","1040","true","Hoof Power Test/※BP01-SPR12__Hoof Power Test__front.png","Hoof Power Test/※BP01-SPR12__Hoof Power Test__back.png","https://static-sg.kayouofficial.com/overseas/website/2026/06/25/ad26d3ca1f5ac755fc565e7b1e7821ba-745-1040.png","https://static-sg.kayouofficial.com/overseas/website/2026/06/25/fb30419c88271606550d24a1b3bdc090-745-1040.png"
"※BP01-SPR13","Tense Competition","SPR※","rarity-0ahllc9y","9","745","1040","745","1040","true","Tense Competition/※BP01-SPR13__Tense Competition__front.png","Tense Competition/※BP01-SPR13__Tense Competition__back.png","https://static-sg.kayouofficial.com/overseas/website/2026/06/25/21d8868cc064c4dbf3e8c2562f372dc2-745-1040.png","https://static-sg.kayouofficial.com/overseas/website/2026/06/25/fb30419c88271606550d24a1b3bdc090-745-1040.png"
"※BP01-SPR18","Accidentally Burnt Book","SPR※","rarity-0ahllc9y","10","745","1040","745","1040","true","Accidentally Burnt Book/※BP01-SPR18__Accidentally Burnt Book__front.png","Accidentally Burnt Book/※BP01-SPR18__Accidentally Burnt Book__back.png","https://static-sg.kayouofficial.com/overseas/website/2026/06/25/c4a53bfa5e9236509786c63172eef74b-745-1040.png","https://static-sg.kayouofficial.com/overseas/website/2026/06/25/fb30419c88271606550d24a1b3bdc090-745-1040.png"
"※BP01-SPR21","Found Scroll","SPR※","rarity-0ahllc9y","11","745","1040","745","1040","true","Found Scroll/※BP01-SPR21__Found Scroll__front.png","Found Scroll/※BP01-SPR21__Found Scroll__back.png","https://static-sg.kayouofficial.com/overseas/website/2026/06/25/7cd007ab5d70048d8876eb2a182b08ba-745-1040.png","https://static-sg.kayouofficial.com/overseas/website/2026/06/25/fb30419c88271606550d24a1b3bdc090-745-1040.png"
"※SD01-ER01-day","Golden Oak Library","ER※","rarity-ypyvyv1i","12","745","1040","745","1040","true","Golden Oak Library/※SD01-ER01-day__Golden Oak Library__front.png","Golden Oak Library/※SD01-ER01-day__Golden Oak Library__back.png","https://static-sg.kayouofficial.com/overseas/website/2026/06/25/9a9cd47dd96c9920317934522329f41e-745-1040.png","https://static-sg.kayouofficial.com/overseas/website/2026/06/25/c43bdfd620d14bc3498e866594e86f7b-745-1040.png"
"※SD01-ER01-night","Golden Oak Library","ER※","rarity-ypyvyv1i","13","745","1040","745","1040","true","Golden Oak Library/※SD01-ER01-night__Golden Oak Library__front.png","Golden Oak Library/※SD01-ER01-night__Golden Oak Library__back.png","https://static-sg.kayouofficial.com/overseas/website/2026/06/25/992f4535fe901bcbdae974904fb6ab79-745-1040.png","https://static-sg.kayouofficial.com/overseas/website/2026/06/25/c43bdfd620d14bc3498e866594e86f7b-745-1040.png"
"※SD01-ER02-day","Fluttershy's Cottage","ER※","rarity-ypyvyv1i","14","745","1040","745","1040","true","Fluttershy's Cottage/※SD01-ER02-day__Fluttershy's Cottage__front.png","Fluttershy's Cottage/※SD01-ER02-day__Fluttershy's Cottage__back.png","https://static-sg.kayouofficial.com/overseas/website/2026/06/25/5dc2e278ecace1594c99da9a9d6e7f12-745-1040.png","https://static-sg.kayouofficial.com/overseas/website/2026/06/25/c43bdfd620d14bc3498e866594e86f7b-745-1040.png"
"※SD01-ER02-night","Fluttershy's Cottage","ER※","rarity-ypyvyv1i","15","745","1040","745","1040","true","Fluttershy's Cottage/※SD01-ER02-night__Fluttershy's Cottage__front.png","Fluttershy's Cottage/※SD01-ER02-night__Fluttershy's Cottage__back.png","https://static-sg.kayouofficial.com/overseas/website/2026/06/25/6ba180fe513efd586638009709ea2b2e-745-1040.png","https://static-sg.kayouofficial.com/overseas/website/2026/06/25/c43bdfd620d14bc3498e866594e86f7b-745-1040.png"
"※SD01-ER03-day","Sugarcube Corner","ER※","rarity-ypyvyv1i","16","745","1040","745","1040","true","Sugarcube Corner/※SD01-ER03-day__Sugarcube Corner__front.png","Sugarcube Corner/※SD01-ER03-day__Sugarcube Corner__back.png","https://static-sg.kayouofficial.com/overseas/website/2026/06/25/4c69b29d5727d298d1741e78673966db-745-1040.png","https://static-sg.kayouofficial.com/overseas/website/2026/06/25/c43bdfd620d14bc3498e866594e86f7b-745-1040.png"
"※SD01-ER03-night","Sugarcube Corner","ER※","rarity-ypyvyv1i","17","745","1040","745","1040","true","Sugarcube Corner/※SD01-ER03-night__Sugarcube Corner__front.png","Sugarcube Corner/※SD01-ER03-night__Sugarcube Corner__back.png","https://static-sg.kayouofficial.com/overseas/website/2026/06/25/f22b6a1043e891051b92b3d1180a1f3e-745-1040.png","https://static-sg.kayouofficial.com/overseas/website/2026/06/25/c43bdfd620d14bc3498e866594e86f7b-745-1040.png"
"※SD01-ER04-day","Sweet Apple Acres","ER※","rarity-ypyvyv1i","18","745","1040","745","1040","true","Sweet Apple Acres/※SD01-ER04-day__Sweet Apple Acres__front.png","Sweet Apple Acres/※SD01-ER04-day__Sweet Apple Acres__back.png","https://static-sg.kayouofficial.com/overseas/website/2026/06/25/27f138e5496e55945b3c963e384c5069-745-1040.png","https://static-sg.kayouofficial.com/overseas/website/2026/06/25/c43bdfd620d14bc3498e866594e86f7b-745-1040.png"
"※SD01-ER04-night","Sweet Apple Acres","ER※","rarity-ypyvyv1i","19","745","1040","745","1040","true","Sweet Apple Acres/※SD01-ER04-night__Sweet Apple Acres__front.png","Sweet Apple Acres/※SD01-ER04-night__Sweet Apple Acres__back.png","https://static-sg.kayouofficial.com/overseas/website/2026/06/25/d5253a51bd2c9d66ac44ccdbf114cefb-745-1040.png","https://static-sg.kayouofficial.com/overseas/website/2026/06/25/c43bdfd620d14bc3498e866594e86f7b-745-1040.png"
"※SD01-ER05-day","Cloudominium","ER※","rarity-ypyvyv1i","20","745","1040","745","1040","true","Cloudominium/※SD01-ER05-day__Cloudominium__front.png","Cloudominium/※SD01-ER05-day__Cloudominium__back.png","https://static-sg.kayouofficial.com/overseas/website/2026/06/25/8af5b4f64c60e42df9e28b2cbc2423ed-745-1040.png","https://static-sg.kayouofficial.com/overseas/website/2026/06/25/c43bdfd620d14bc3498e866594e86f7b-745-1040.png"
"※SD01-ER05-night","Cloudominium","ER※","rarity-ypyvyv1i","21","745","1040","745","1040","true","Cloudominium/※SD01-ER05-night__Cloudominium__front.png","Cloudominium/※SD01-ER05-night__Cloudominium__back.png","https://static-sg.kayouofficial.com/overseas/website/2026/06/25/f0fa70fa4178cb2b8df7bef240f5bcf5-745-1040.png","https://static-sg.kayouofficial.com/overseas/website/2026/06/25/c43bdfd620d14bc3498e866594e86f7b-745-1040.png"
"※SD01-ER06-day","Carousel Boutique","ER※","rarity-ypyvyv1i","22","745","1040","745","1040","true","Carousel Boutique/※SD01-ER06-day__Carousel Boutique__front.png","Carousel Boutique/※SD01-ER06-day__Carousel Boutique__back.png","https://static-sg.kayouofficial.com/overseas/website/2026/06/25/e95d51c698f8be7043706684469fd6e4-745-1040.png","https://static-sg.kayouofficial.com/overseas/website/2026/06/25/c43bdfd620d14bc3498e866594e86f7b-745-1040.png"
"※SD01-ER06-night","Carousel Boutique","ER※","rarity-ypyvyv1i","23","745","1040","745","1040","true","Carousel Boutique/※SD01-ER06-night__Carousel Boutique__front.png","Carousel Boutique/※SD01-ER06-night__Carousel Boutique__back.png","https://static-sg.kayouofficial.com/overseas/website/2026/06/25/d2e3b09cdb35e8c4c0981c82ceb10bff-745-1040.png","https://static-sg.kayouofficial.com/overseas/website/2026/06/25/c43bdfd620d14bc3498e866594e86f7b-745-1040.png"
"※BP01-RR01","Twilight Sparkle","RR※","rarity-rjxaik3v","24","745","1040","745","1040","true","Twilight Sparkle/※BP01-RR01__Twilight Sparkle__front.png","Twilight Sparkle/※BP01-RR01__Twilight Sparkle__back.png","https://static-sg.kayouofficial.com/overseas/website/2026/06/25/85e02fa3501f3bb1f13fe9b0725c7c8e-745-1040.png","https://static-sg.kayouofficial.com/overseas/website/2026/06/25/7d4d986a49e3ef0d8339b6a1ae6d1540-745-1040.png"
"※BP01-RR02","Fluttershy","RR※","rarity-rjxaik3v","25","745","1040","745","1040","true","Fluttershy/※BP01-RR02__Fluttershy__front.png","Fluttershy/※BP01-RR02__Fluttershy__back.png","https://static-sg.kayouofficial.com/overseas/website/2026/06/25/3009e8a5bafa4056637a358f5f17699d-745-1040.png","https://static-sg.kayouofficial.com/overseas/website/2026/06/25/7d4d986a49e3ef0d8339b6a1ae6d1540-745-1040.png"
"※BP01-RR03","Pinkie Pie","RR※","rarity-rjxaik3v","26","745","1040","745","1040","true","Pinkie Pie/※BP01-RR03__Pinkie Pie__front.png","Pinkie Pie/※BP01-RR03__Pinkie Pie__back.png","https://static-sg.kayouofficial.com/overseas/website/2026/06/25/f13c50fd8c6f8496f749578884fdb4db-745-1040.png","https://static-sg.kayouofficial.com/overseas/website/2026/06/25/7d4d986a49e3ef0d8339b6a1ae6d1540-745-1040.png"
"※BP01-RR04","Applejack","RR※","rarity-rjxaik3v","27","745","1040","745","1040","true","Applejack/※BP01-RR04__Applejack__front.png","Applejack/※BP01-RR04__Applejack__back.png","https://static-sg.kayouofficial.com/overseas/website/2026/06/25/1f7e5ac0ef2806235867d4806ef28d5a-745-1040.png","https://static-sg.kayouofficial.com/overseas/website/2026/06/25/7d4d986a49e3ef0d8339b6a1ae6d1540-745-1040.png"
"※BP01-RR05","Rainbow Dash","RR※","rarity-rjxaik3v","28","745","1040","745","1040","true","Rainbow Dash/※BP01-RR05__Rainbow Dash__front.png","Rainbow Dash/※BP01-RR05__Rainbow Dash__back.png","https://static-sg.kayouofficial.com/overseas/website/2026/06/25/70b8b9ecbfdcf8c594efc46d08e7b306-745-1040.png","https://static-sg.kayouofficial.com/overseas/website/2026/06/25/7d4d986a49e3ef0d8339b6a1ae6d1540-745-1040.png"
"※BP01-RR06","Rarity","RR※","rarity-rjxaik3v","29","745","1040","745","1040","true","Rarity/※BP01-RR06__Rarity__front.png","Rarity/※BP01-RR06__Rarity__back.png","https://static-sg.kayouofficial.com/overseas/website/2026/06/25/89668756f5311494dedfd2125ca4c892-745-1040.png","https://static-sg.kayouofficial.com/overseas/website/2026/06/25/7d4d986a49e3ef0d8339b6a1ae6d1540-745-1040.png"
"※BP01-GR01","Twilight Sparkle","GR※","rarity-nqqn52ar","30","744","1040","744","1040","true","Twilight Sparkle/※BP01-GR01__Twilight Sparkle__front.png","Twilight Sparkle/※BP01-GR01__Twilight Sparkle__back.png","https://static-sg.kayouofficial.com/overseas/website/2026/06/25/f73f0785c5e7630dd9eff6fff1940e90-744-1040.png","https://static-sg.kayouofficial.com/overseas/website/2026/06/25/a469773c59eb85570efa99313184356f-745-1040.png"
"※BP01-GR02","Fluttershy","GR※","rarity-nqqn52ar","31","745","1040","745","1040","true","Fluttershy/※BP01-GR02__Fluttershy__front.png","Fluttershy/※BP01-GR02__Fluttershy__back.png","https://static-sg.kayouofficial.com/overseas/website/2026/06/25/8bcda285bf2f8581187f1a6795c49911-745-1040.png","https://static-sg.kayouofficial.com/overseas/website/2026/06/25/a469773c59eb85570efa99313184356f-745-1040.png"
"※BP01-GR03","Pinkie Pie","GR※","rarity-nqqn52ar","32","745","1040","745","1040","true","Pinkie Pie/※BP01-GR03__Pinkie Pie__front.png","Pinkie Pie/※BP01-GR03__Pinkie Pie__back.png","https://static-sg.kayouofficial.com/overseas/website/2026/06/25/9b8ad3b4efb23dc7e93a009630d337d1-745-1040.png","https://static-sg.kayouofficial.com/overseas/website/2026/06/25/a469773c59eb85570efa99313184356f-745-1040.png"
"※BP01-GR04","Applejack","GR※","rarity-nqqn52ar","33","744","1040","744","1040","true","Applejack/※BP01-GR04__Applejack__front.png","Applejack/※BP01-GR04__Applejack__back.png","https://static-sg.kayouofficial.com/overseas/website/2026/06/25/5b568b77bbdbd9e4b858921fddd6a57f-744-1040.png","https://static-sg.kayouofficial.com/overseas/website/2026/06/25/a469773c59eb85570efa99313184356f-745-1040.png"
"※BP01-GR05","Rainbow Dash","GR※","rarity-nqqn52ar","34","745","1040","745","1040","true","Rainbow Dash/※BP01-GR05__Rainbow Dash__front.png","Rainbow Dash/※BP01-GR05__Rainbow Dash__back.png","https://static-sg.kayouofficial.com/overseas/website/2026/06/25/5943d707cb6c1fe0406ca1610370b13f-745-1040.png","https://static-sg.kayouofficial.com/overseas/website/2026/06/25/a469773c59eb85570efa99313184356f-745-1040.png"
"※BP01-GR06","Rarity","GR※","rarity-nqqn52ar","35","745","1040","745","1040","true","Rarity/※BP01-GR06__Rarity__front.png","Rarity/※BP01-GR06__Rarity__back.png","https://static-sg.kayouofficial.com/overseas/website/2026/06/25/8688554d14b8066561dc04d0212506a9-745-1040.png","https://static-sg.kayouofficial.com/overseas/website/2026/06/25/a469773c59eb85570efa99313184356f-745-1040.png"
"※BP01-CR01","Twilight Sparkle","CR※","rarity-wkifv678","36","745","1040","745","1040","true","Twilight Sparkle/※BP01-CR01__Twilight Sparkle__front.png","Twilight Sparkle/※BP01-CR01__Twilight Sparkle__back.png","https://static-sg.kayouofficial.com/overseas/website/2026/06/25/ae8e90657215447975c68d79c3d46d1e-745-1040.png","https://static-sg.kayouofficial.com/overseas/website/2026/06/25/14ab81a0a41a40e9eae6a21cd244a649-745-1040.png"
"※BP01-CR02","Fluttershy","CR※","rarity-wkifv678","37","745","1040","745","1040","true","Fluttershy/※BP01-CR02__Fluttershy__front.png","Fluttershy/※BP01-CR02__Fluttershy__back.png","https://static-sg.kayouofficial.com/overseas/website/2026/06/25/9dcdfe65fb80a006a836d2810ea1c4e6-745-1040.png","https://static-sg.kayouofficial.com/overseas/website/2026/06/25/14ab81a0a41a40e9eae6a21cd244a649-745-1040.png"
"※BP01-CR03","Pinkie Pie","CR※","rarity-wkifv678","38","745","1039","745","1039","true","Pinkie Pie/※BP01-CR03__Pinkie Pie__front.png","Pinkie Pie/※BP01-CR03__Pinkie Pie__back.png","https://static-sg.kayouofficial.com/overseas/website/2026/06/25/a0b084aa2822d09547c8fdc372ea9eb0-745-1039.png","https://static-sg.kayouofficial.com/overseas/website/2026/06/25/14ab81a0a41a40e9eae6a21cd244a649-745-1040.png"
"※BP01-CR04","Applejack","CR※","rarity-wkifv678","39","745","1039","745","1039","true","Applejack/※BP01-CR04__Applejack__front.png","Applejack/※BP01-CR04__Applejack__back.png","https://static-sg.kayouofficial.com/overseas/website/2026/06/25/b4efd88d39b5575a67b9314d33047941-745-1039.png","https://static-sg.kayouofficial.com/overseas/website/2026/06/25/14ab81a0a41a40e9eae6a21cd244a649-745-1040.png"
"※BP01-CR05","Rainbow Dash","CR※","rarity-wkifv678","40","745","1039","745","1039","true","Rainbow Dash/※BP01-CR05__Rainbow Dash__front.png","Rainbow Dash/※BP01-CR05__Rainbow Dash__back.png","https://static-sg.kayouofficial.com/overseas/website/2026/06/25/9e5207c8d3715ba4dfeb177414e9b690-745-1039.png","https://static-sg.kayouofficial.com/overseas/website/2026/06/25/14ab81a0a41a40e9eae6a21cd244a649-745-1040.png"
"※BP01-CR06","Rarity","CR※","rarity-wkifv678","41","745","1039","745","1039","true","Rarity/※BP01-CR06__Rarity__front.png","Rarity/※BP01-CR06__Rarity__back.png","https://static-sg.kayouofficial.com/overseas/website/2026/06/25/2d2fdee8d1c2d1bf5706b43c276f0380-745-1039.png","https://static-sg.kayouofficial.com/overseas/website/2026/06/25/14ab81a0a41a40e9eae6a21cd244a649-745-1040.png"
"※BP01-CR07","Twilight Sparkle","CR※","rarity-wkifv678","42","745","1040","745","1040","true","Twilight Sparkle/※BP01-CR07__Twilight Sparkle__front.png","Twilight Sparkle/※BP01-CR07__Twilight Sparkle__back.png","https://static-sg.kayouofficial.com/overseas/website/2026/06/25/50e463803ab0c4503c2fdceea8e0df6f-745-1040.png","https://static-sg.kayouofficial.com/overseas/website/2026/06/25/14ab81a0a41a40e9eae6a21cd244a649-745-1040.png"
"※BP01-CR08","Fluttershy","CR※","rarity-wkifv678","43","745","1030","745","1030","true","Fluttershy/※BP01-CR08__Fluttershy__front.png","Fluttershy/※BP01-CR08__Fluttershy__back.png","https://static-sg.kayouofficial.com/overseas/website/2026/06/25/2c34d263df3ff7cacc75993a3542788c-745-1030.png","https://static-sg.kayouofficial.com/overseas/website/2026/06/25/14ab81a0a41a40e9eae6a21cd244a649-745-1040.png"
"※BP01-CR09","Pinkie Pie","CR※","rarity-wkifv678","44","745","1040","745","1040","true","Pinkie Pie/※BP01-CR09__Pinkie Pie__front.png","Pinkie Pie/※BP01-CR09__Pinkie Pie__back.png","https://static-sg.kayouofficial.com/overseas/website/2026/06/25/abfb3996573255967b1f2f9550b71157-745-1040.png","https://static-sg.kayouofficial.com/overseas/website/2026/06/25/14ab81a0a41a40e9eae6a21cd244a649-745-1040.png"
"※BP01-CR10","Applejack","CR※","rarity-wkifv678","45","745","1040","745","1040","true","Applejack/※BP01-CR10__Applejack__front.png","Applejack/※BP01-CR10__Applejack__back.png","https://static-sg.kayouofficial.com/overseas/website/2026/06/25/4f76a75d1399e84312f6d3856ffd49ce-745-1040.png","https://static-sg.kayouofficial.com/overseas/website/2026/06/25/14ab81a0a41a40e9eae6a21cd244a649-745-1040.png"
"※BP01-CR11","Rainbow Dash","CR※","rarity-wkifv678","46","745","1040","745","1040","true","Rainbow Dash/※BP01-CR11__Rainbow Dash__front.png","Rainbow Dash/※BP01-CR11__Rainbow Dash__back.png","https://static-sg.kayouofficial.com/overseas/website/2026/06/25/4faee975b61766a80598c3346ef745e8-745-1040.png","https://static-sg.kayouofficial.com/overseas/website/2026/06/25/14ab81a0a41a40e9eae6a21cd244a649-745-1040.png"
"※BP01-CR12","Rarity","CR※","rarity-wkifv678","47","745","1040","745","1040","true","Rarity/※BP01-CR12__Rarity__front.png","Rarity/※BP01-CR12__Rarity__back.png","https://static-sg.kayouofficial.com/overseas/website/2026/06/25/9c9d1775197441fe3268c50860306f0c-745-1040.png","https://static-sg.kayouofficial.com/overseas/website/2026/06/25/14ab81a0a41a40e9eae6a21cd244a649-745-1040.png"
"BP01-SPR01","Sunlight in the Rain","SPR","rarity-d6b5v6ue","48","745","1040","745","1040","true","Sunlight in the Rain/BP01-SPR01__Sunlight in the Rain__front.png","Sunlight in the Rain/BP01-SPR01__Sunlight in the Rain__back.png","https://static-sg.kayouofficial.com/overseas/website/2026/06/25/9fd1f1f6b3c718e255fd96a06ff7e244-745-1040.png","https://static-sg.kayouofficial.com/overseas/website/2026/06/25/93c3f69eca3e370bfa4cd7d20d99ee86-745-1040.png"
"BP01-SPR02","Time for Clean-up!","SPR","rarity-d6b5v6ue","49","745","1040","745","1040","true","Time for Clean-up!/BP01-SPR02__Time for Clean-up!__front.png","Time for Clean-up!/BP01-SPR02__Time for Clean-up!__back.png","https://static-sg.kayouofficial.com/overseas/website/2026/06/25/69f396e38182dd7f793eb3c0dc58baaf-745-1040.png","https://static-sg.kayouofficial.com/overseas/website/2026/06/25/93c3f69eca3e370bfa4cd7d20d99ee86-745-1040.png"
"BP01-SPR03","Deliver letters","SPR","rarity-d6b5v6ue","50","745","1040","745","1040","true","Deliver letters/BP01-SPR03__Deliver letters__front.png","Deliver letters/BP01-SPR03__Deliver letters__back.png","https://static-sg.kayouofficial.com/overseas/website/2026/06/25/5a799eb5b94067975ccea6bc534719f3-745-1040.png","https://static-sg.kayouofficial.com/overseas/website/2026/06/25/93c3f69eca3e370bfa4cd7d20d99ee86-745-1040.png"
"BP01-SPR04","Award Ceremony","SPR","rarity-d6b5v6ue","51","745","1040","745","1040","true","Award Ceremony/BP01-SPR04__Award Ceremony__front.png","Award Ceremony/BP01-SPR04__Award Ceremony__back.png","https://static-sg.kayouofficial.com/overseas/website/2026/06/25/3d9e0b65b8a7b804dfdd41c7ea4ec7b6-745-1040.png","https://static-sg.kayouofficial.com/overseas/website/2026/06/25/93c3f69eca3e370bfa4cd7d20d99ee86-745-1040.png"
"BP01-SPR05","Prepared to Go","SPR","rarity-d6b5v6ue","52","745","1040","745","1040","true","Prepared to Go/BP01-SPR05__Prepared to Go__front.png","Prepared to Go/BP01-SPR05__Prepared to Go__back.png","https://static-sg.kayouofficial.com/overseas/website/2026/06/25/d3da55d772d15ba6ac8511ca88dc9855-745-1040.png","https://static-sg.kayouofficial.com/overseas/website/2026/06/25/93c3f69eca3e370bfa4cd7d20d99ee86-745-1040.png"
"BP01-SPR06","Overspeed Warning!","SPR","rarity-d6b5v6ue","53","745","1040","745","1040","true","Overspeed Warning!/BP01-SPR06__Overspeed Warning!__front.png","Overspeed Warning!/BP01-SPR06__Overspeed Warning!__back.png","https://static-sg.kayouofficial.com/overseas/website/2026/06/25/5e89b695b28e709c64e7d24dac826bf2-745-1040.png","https://static-sg.kayouofficial.com/overseas/website/2026/06/25/93c3f69eca3e370bfa4cd7d20d99ee86-745-1040.png"
"BP01-SPR07","Hair Curling","SPR","rarity-d6b5v6ue","54","745","1040","745","1040","true","Hair Curling/BP01-SPR07__Hair Curling__front.png","Hair Curling/BP01-SPR07__Hair Curling__back.png","https://static-sg.kayouofficial.com/overseas/website/2026/06/25/07fd7d88549f5183a8614ee6d1e01123-745-1040.png","https://static-sg.kayouofficial.com/overseas/website/2026/06/25/93c3f69eca3e370bfa4cd7d20d99ee86-745-1040.png"
"BP01-SPR08","Pillow Fight","SPR","rarity-d6b5v6ue","55","745","1040","745","1040","true","Pillow Fight/BP01-SPR08__Pillow Fight__front.png","Pillow Fight/BP01-SPR08__Pillow Fight__back.png","https://static-sg.kayouofficial.com/overseas/website/2026/06/25/a428837caec1ddf76cb68b6c43482f71-745-1040.png","https://static-sg.kayouofficial.com/overseas/website/2026/06/25/93c3f69eca3e370bfa4cd7d20d99ee86-745-1040.png"
"BP01-SPR09","Rain Under the Roof","SPR","rarity-d6b5v6ue","56","745","1040","745","1040","true","Rain Under the Roof/BP01-SPR09__Rain Under the Roof__front.png","Rain Under the Roof/BP01-SPR09__Rain Under the Roof__back.png","https://static-sg.kayouofficial.com/overseas/website/2026/06/25/5537a4a4d19c85d4404a561b868e5335-745-1040.png","https://static-sg.kayouofficial.com/overseas/website/2026/06/25/93c3f69eca3e370bfa4cd7d20d99ee86-745-1040.png"
"BP01-SPR10","Wire Accident","SPR","rarity-d6b5v6ue","57","745","1040","745","1040","true","Wire Accident/BP01-SPR10__Wire Accident__front.png","Wire Accident/BP01-SPR10__Wire Accident__back.png","https://static-sg.kayouofficial.com/overseas/website/2026/06/25/d31144f3cb170c00dbbaa5e8b23e8e33-745-1040.png","https://static-sg.kayouofficial.com/overseas/website/2026/06/25/93c3f69eca3e370bfa4cd7d20d99ee86-745-1040.png"
"BP01-SPR11","Make a Cake","SPR","rarity-d6b5v6ue","58","745","1040","745","1040","true","Make a Cake/BP01-SPR11__Make a Cake__front.png","Make a Cake/BP01-SPR11__Make a Cake__back.png","https://static-sg.kayouofficial.com/overseas/website/2026/06/25/64101ce74a9cc968ad91b5a449c73be2-745-1040.png","https://static-sg.kayouofficial.com/overseas/website/2026/06/25/93c3f69eca3e370bfa4cd7d20d99ee86-745-1040.png"
"BP01-SPR12","Hoof Power Test","SPR","rarity-d6b5v6ue","59","745","1040","745","1040","true","Hoof Power Test/BP01-SPR12__Hoof Power Test__front.png","Hoof Power Test/BP01-SPR12__Hoof Power Test__back.png","https://static-sg.kayouofficial.com/overseas/website/2026/06/25/0c88cca5a0f3adc3a55eae3409676701-745-1040.png","https://static-sg.kayouofficial.com/overseas/website/2026/06/25/93c3f69eca3e370bfa4cd7d20d99ee86-745-1040.png"
"BP01-SPR13","Tense Competition","SPR","rarity-d6b5v6ue","60","745","1040","745","1040","true","Tense Competition/BP01-SPR13__Tense Competition__front.png","Tense Competition/BP01-SPR13__Tense Competition__back.png","https://static-sg.kayouofficial.com/overseas/website/2026/06/25/8da38355c6451b32785b9bea22ec6222-745-1040.png","https://static-sg.kayouofficial.com/overseas/website/2026/06/25/93c3f69eca3e370bfa4cd7d20d99ee86-745-1040.png"
"BP01-SPR14","Messy Henhouse","SPR","rarity-d6b5v6ue","61","745","1040","745","1040","true","Messy Henhouse/BP01-SPR14__Messy Henhouse__front.png","Messy Henhouse/BP01-SPR14__Messy Henhouse__back.png","https://static-sg.kayouofficial.com/overseas/website/2026/06/25/94767cb86f16e8c32a8fdbc8b2b6f4d9-745-1040.png","https://static-sg.kayouofficial.com/overseas/website/2026/06/25/93c3f69eca3e370bfa4cd7d20d99ee86-745-1040.png"
"BP01-SPR15","Washing Day","SPR","rarity-d6b5v6ue","62","745","1040","745","1040","true","Washing Day/BP01-SPR15__Washing Day__front.png","Washing Day/BP01-SPR15__Washing Day__back.png","https://static-sg.kayouofficial.com/overseas/website/2026/06/25/5199627542c81686c3e564fbfe5ceee8-745-1040.png","https://static-sg.kayouofficial.com/overseas/website/2026/06/25/93c3f69eca3e370bfa4cd7d20d99ee86-745-1040.png"
"BP01-SPR16","Dig for Gems","SPR","rarity-d6b5v6ue","63","745","1040","745","1040","true","Dig for Gems/BP01-SPR16__Dig for Gems__front.png","Dig for Gems/BP01-SPR16__Dig for Gems__back.png","https://static-sg.kayouofficial.com/overseas/website/2026/06/25/55460d70b770a03720c3d5a47c4a22f7-745-1040.png","https://static-sg.kayouofficial.com/overseas/website/2026/06/25/93c3f69eca3e370bfa4cd7d20d99ee86-745-1040.png"
"BP01-SPR17","Attend to Cure","SPR","rarity-d6b5v6ue","64","745","1040","745","1040","true","Attend to Cure/BP01-SPR17__Attend to Cure__front.png","Attend to Cure/BP01-SPR17__Attend to Cure__back.png","https://static-sg.kayouofficial.com/overseas/website/2026/06/25/f9cf8584d53e3a3411645f1073db5974-745-1040.png","https://static-sg.kayouofficial.com/overseas/website/2026/06/25/93c3f69eca3e370bfa4cd7d20d99ee86-745-1040.png"
"BP01-SPR18","Accidentally Burnt Book","SPR","rarity-d6b5v6ue","65","745","1040","745","1040","true","Accidentally Burnt Book/BP01-SPR18__Accidentally Burnt Book__front.png","Accidentally Burnt Book/BP01-SPR18__Accidentally Burnt Book__back.png","https://static-sg.kayouofficial.com/overseas/website/2026/06/25/e52101c065c5b1652497f9e08dee760a-745-1040.png","https://static-sg.kayouofficial.com/overseas/website/2026/06/25/93c3f69eca3e370bfa4cd7d20d99ee86-745-1040.png"
"BP01-SPR19","Cycling for Friends","SPR","rarity-d6b5v6ue","66","745","1040","745","1040","true","Cycling for Friends/BP01-SPR19__Cycling for Friends__front.png","Cycling for Friends/BP01-SPR19__Cycling for Friends__back.png","https://static-sg.kayouofficial.com/overseas/website/2026/06/25/ee8e7380823071b68910d2228b172809-745-1040.png","https://static-sg.kayouofficial.com/overseas/website/2026/06/25/93c3f69eca3e370bfa4cd7d20d99ee86-745-1040.png"
"BP01-SPR20","Head Up to the Night Sky","SPR","rarity-d6b5v6ue","67","745","1040","745","1040","true","Head Up to the Night Sky/BP01-SPR20__Head Up to the Night Sky__front.png","Head Up to the Night Sky/BP01-SPR20__Head Up to the Night Sky__back.png","https://static-sg.kayouofficial.com/overseas/website/2026/06/25/463d7ae93bceb6b5fe0eeaf6b5d3bdf0-745-1040.png","https://static-sg.kayouofficial.com/overseas/website/2026/06/25/93c3f69eca3e370bfa4cd7d20d99ee86-745-1040.png"
"BP01-SPR21","Found Scroll","SPR","rarity-d6b5v6ue","68","745","1040","745","1040","true","Found Scroll/BP01-SPR21__Found Scroll__front.png","Found Scroll/BP01-SPR21__Found Scroll__back.png","https://static-sg.kayouofficial.com/overseas/website/2026/06/25/3760cdcb2acb2e6edc1bed01d693271d-745-1040.png","https://static-sg.kayouofficial.com/overseas/website/2026/06/25/93c3f69eca3e370bfa4cd7d20d99ee86-745-1040.png"
"BP01-SPR22","Super Spicy Sauce","SPR","rarity-d6b5v6ue","69","745","1040","745","1040","true","Super Spicy Sauce/BP01-SPR22__Super Spicy Sauce__front.png","Super Spicy Sauce/BP01-SPR22__Super Spicy Sauce__back.png","https://static-sg.kayouofficial.com/overseas/website/2026/06/25/22df3a5513d82b90a7dfeced3acb8a92-745-1040.png","https://static-sg.kayouofficial.com/overseas/website/2026/06/25/93c3f69eca3e370bfa4cd7d20d99ee86-745-1040.png"
"BP01-SPR23","Soda","SPR","rarity-d6b5v6ue","70","745","1040","745","1040","true","Soda/BP01-SPR23__Soda__front.png","Soda/BP01-SPR23__Soda__back.png","https://static-sg.kayouofficial.com/overseas/website/2026/06/25/095d79a7031834158f6f76771712e3bb-745-1040.png","https://static-sg.kayouofficial.com/overseas/website/2026/06/25/93c3f69eca3e370bfa4cd7d20d99ee86-745-1040.png"
"BP01-SPR24","Horseshoe","SPR","rarity-d6b5v6ue","71","745","1040","745","1040","true","Horseshoe/BP01-SPR24__Horseshoe__front.png","Horseshoe/BP01-SPR24__Horseshoe__back.png","https://static-sg.kayouofficial.com/overseas/website/2026/06/25/abd88c5b104b7097798ebde02e9da160-745-1040.png","https://static-sg.kayouofficial.com/overseas/website/2026/06/25/93c3f69eca3e370bfa4cd7d20d99ee86-745-1040.png"
"BP01-SPR25","Pinkie Pie's Flying Device","SPR","rarity-d6b5v6ue","72","745","1040","745","1040","true","Pinkie Pie's Flying Device/BP01-SPR25__Pinkie Pie's Flying Device__front.png","Pinkie Pie's Flying Device/BP01-SPR25__Pinkie Pie's Flying Device__back.png","https://static-sg.kayouofficial.com/overseas/website/2026/06/25/243f91298629d774453685aca929b83c-745-1040.png","https://static-sg.kayouofficial.com/overseas/website/2026/06/25/93c3f69eca3e370bfa4cd7d20d99ee86-745-1040.png"
"BP01-SPR26","Thimble Pack","SPR","rarity-d6b5v6ue","73","745","1040","745","1040","true","Thimble Pack/BP01-SPR26__Thimble Pack__front.png","Thimble Pack/BP01-SPR26__Thimble Pack__back.png","https://static-sg.kayouofficial.com/overseas/website/2026/06/25/58436c0690c9152ec13b9a54cbd6212d-745-1040.png","https://static-sg.kayouofficial.com/overseas/website/2026/06/25/93c3f69eca3e370bfa4cd7d20d99ee86-745-1040.png"
"BP01-SPR27","Fluttershy's Bell","SPR","rarity-d6b5v6ue","74","745","1040","745","1040","true","Fluttershy's Bell/BP01-SPR27__Fluttershy's Bell__front.png","Fluttershy's Bell/BP01-SPR27__Fluttershy's Bell__back.png","https://static-sg.kayouofficial.com/overseas/website/2026/06/25/65c6ed89780de6427576471f0a72ae7b-745-1040.png","https://static-sg.kayouofficial.com/overseas/website/2026/06/25/93c3f69eca3e370bfa4cd7d20d99ee86-745-1040.png"
"BP01-SPR28","Recorder","SPR","rarity-d6b5v6ue","75","745","1040","745","1040","true","Recorder/BP01-SPR28__Recorder__front.png","Recorder/BP01-SPR28__Recorder__back.png","https://static-sg.kayouofficial.com/overseas/website/2026/06/25/bdb5bb895cb6cc65e562f98e53d3505b-745-1040.png","https://static-sg.kayouofficial.com/overseas/website/2026/06/25/93c3f69eca3e370bfa4cd7d20d99ee86-745-1040.png"
"SD01-ER07","Canterlot Tower","ER","rarity-hojmi1n0","76","745","1040","745","1040","true","Canterlot Tower/SD01-ER07__Canterlot Tower__front.png","Canterlot Tower/SD01-ER07__Canterlot Tower__back.png","https://static-sg.kayouofficial.com/overseas/website/2026/06/25/7e13a2cfd1f1d99794562143b7058e0c-745-1040.png","https://static-sg.kayouofficial.com/overseas/website/2026/06/25/fd58dd5d2acb3e93650389a98b2462a3-745-1040.png"
"SD01-ER08","Ponyville Suburb","ER","rarity-hojmi1n0","77","745","1040","745","1040","true","Ponyville Suburb/SD01-ER08__Ponyville Suburb__front.png","Ponyville Suburb/SD01-ER08__Ponyville Suburb__back.png","https://static-sg.kayouofficial.com/overseas/website/2026/06/25/981b29a3df9677c0297e8a6ce3bfb9d0-745-1040.png","https://static-sg.kayouofficial.com/overseas/website/2026/06/25/fd58dd5d2acb3e93650389a98b2462a3-745-1040.png"
"SD01-ER09","Ponyville Street","ER","rarity-hojmi1n0","78","745","1040","745","1040","true","Ponyville Street/SD01-ER09__Ponyville Street__front.png","Ponyville Street/SD01-ER09__Ponyville Street__back.png","https://static-sg.kayouofficial.com/overseas/website/2026/06/25/7e7ee024b016e73a8b6459328035a508-745-1040.png","https://static-sg.kayouofficial.com/overseas/website/2026/06/25/fd58dd5d2acb3e93650389a98b2462a3-745-1040.png"
"SD01-ER10","Road at Sweet Apple Acres","ER","rarity-hojmi1n0","79","745","1040","745","1040","true","Road at Sweet Apple Acres/SD01-ER10__Road at Sweet Apple Acres__front.png","Road at Sweet Apple Acres/SD01-ER10__Road at Sweet Apple Acres__back.png","https://static-sg.kayouofficial.com/overseas/website/2026/06/25/90b019bec84edc680816e60d90004750-745-1040.png","https://static-sg.kayouofficial.com/overseas/website/2026/06/25/fd58dd5d2acb3e93650389a98b2462a3-745-1040.png"
"SD01-ER11","Stairs of Cloudsdale","ER","rarity-hojmi1n0","80","745","1040","745","1040","true","Stairs of Cloudsdale/SD01-ER11__Stairs of Cloudsdale__front.png","Stairs of Cloudsdale/SD01-ER11__Stairs of Cloudsdale__back.png","https://static-sg.kayouofficial.com/overseas/website/2026/06/25/4d367f49440c7cc10261f379078ccaf5-745-1040.png","https://static-sg.kayouofficial.com/overseas/website/2026/06/25/fd58dd5d2acb3e93650389a98b2462a3-745-1040.png"
"SD01-ER12","Manehattan Streets","ER","rarity-hojmi1n0","81","745","1040","745","1040","true","Manehattan Streets/SD01-ER12__Manehattan Streets__front.png","Manehattan Streets/SD01-ER12__Manehattan Streets__back.png","https://static-sg.kayouofficial.com/overseas/website/2026/06/25/d1a609beeb1e3a11bb2dbda071a53674-745-1040.png","https://static-sg.kayouofficial.com/overseas/website/2026/06/25/fd58dd5d2acb3e93650389a98b2462a3-745-1040.png"
"BP01-RR01","Twilight Sparkle","RR","rarity-ru5jtgim","82","745","1040","745","1040","true","Twilight Sparkle/BP01-RR01__Twilight Sparkle__front.png","Twilight Sparkle/BP01-RR01__Twilight Sparkle__back.png","https://static-sg.kayouofficial.com/overseas/website/2026/06/25/8b1510df37e94f71e95105c47d24e864-745-1040.png","https://static-sg.kayouofficial.com/overseas/website/2026/06/25/3f9f48b22fbeba8ad8d64d2bca11d1a3-745-1040.png"
"BP01-RR02","Fluttershy","RR","rarity-ru5jtgim","83","745","1040","745","1040","true","Fluttershy/BP01-RR02__Fluttershy__front.png","Fluttershy/BP01-RR02__Fluttershy__back.png","https://static-sg.kayouofficial.com/overseas/website/2026/06/25/d4175edc7316bf69a5fa0ccf7fed560d-745-1040.png","https://static-sg.kayouofficial.com/overseas/website/2026/06/25/4afe20a74c0d733ba60bc75fb2283e07-745-1040.png"
"BP01-RR03","Pinkie Pie","RR","rarity-ru5jtgim","84","745","1040","745","1040","true","Pinkie Pie/BP01-RR03__Pinkie Pie__front.png","Pinkie Pie/BP01-RR03__Pinkie Pie__back.png","https://static-sg.kayouofficial.com/overseas/website/2026/06/25/b4022232d5b69dc60c7b7972d958b411-745-1040.png","https://static-sg.kayouofficial.com/overseas/website/2026/06/25/379b4431edd1e9a230f6c917ecf898ad-745-1040.png"
"BP01-RR04","Applejack","RR","rarity-ru5jtgim","85","745","1040","745","1040","true","Applejack/BP01-RR04__Applejack__front.png","Applejack/BP01-RR04__Applejack__back.png","https://static-sg.kayouofficial.com/overseas/website/2026/06/25/56d446394ba3e90c654df9f8b5b8e795-745-1040.png","https://static-sg.kayouofficial.com/overseas/website/2026/06/25/9dfebcefb687d6b7d9f2a8fb9b849362-745-1040.png"
"BP01-RR05","Rainbow Dash","RR","rarity-ru5jtgim","86","745","1040","745","1040","true","Rainbow Dash/BP01-RR05__Rainbow Dash__front.png","Rainbow Dash/BP01-RR05__Rainbow Dash__back.png","https://static-sg.kayouofficial.com/overseas/website/2026/06/25/0b28a30e0d29e03ede943c3903466c7b-745-1040.png","https://static-sg.kayouofficial.com/overseas/website/2026/06/25/bbc9831aaa29f72498292a4cce4427a9-745-1040.png"
"BP01-RR06","Rarity","RR","rarity-ru5jtgim","87","745","1040","745","1040","true","Rarity/BP01-RR06__Rarity__front.png","Rarity/BP01-RR06__Rarity__back.png","https://static-sg.kayouofficial.com/overseas/website/2026/06/25/6d06e5af39bffe439e6868068fe5545f-745-1040.png","https://static-sg.kayouofficial.com/overseas/website/2026/06/25/fd5078ba20175186e7a60c58968246d0-745-1040.png"
"BP01-C01","Twilight Sparkle","C","rarity-ts2wo1ts","88","743","1038","743","1038","true","Twilight Sparkle/BP01-C01__Twilight Sparkle__front.png","Twilight Sparkle/BP01-C01__Twilight Sparkle__back.png","https://static-sg.kayouofficial.com/overseas/website/2026/06/25/6065c783893eb6c59e20784ff50301b0-743-1038.png","https://static-sg.kayouofficial.com/overseas/website/2026/06/25/59a47c57be116dec05fcae46caf38415-745-1040.png"
"BP01-C02","Twilight Sparkle","C","rarity-ts2wo1ts","89","742","1036","742","1036","true","Twilight Sparkle/BP01-C02__Twilight Sparkle__front.png","Twilight Sparkle/BP01-C02__Twilight Sparkle__back.png","https://static-sg.kayouofficial.com/overseas/website/2026/06/25/31d53002d91927a6f80c5e0adb1c8055-742-1036.png","https://static-sg.kayouofficial.com/overseas/website/2026/06/25/1c4afe895ee86d797c71526dd236d8a9-745-1040.png"
"BP01-C03","Twilight Sparkle","C","rarity-ts2wo1ts","90","745","1038","745","1038","true","Twilight Sparkle/BP01-C03__Twilight Sparkle__front.png","Twilight Sparkle/BP01-C03__Twilight Sparkle__back.png","https://static-sg.kayouofficial.com/overseas/website/2026/06/25/02d42a4f43916cef669f41f7cb7f9b7f-745-1038.png","https://static-sg.kayouofficial.com/overseas/website/2026/06/25/9018f7b415d8e98d34b77f039d69cf83-745-1040.png"
"BP01-C04","Fluttershy","C","rarity-ts2wo1ts","91","745","1038","745","1038","true","Fluttershy/BP01-C04__Fluttershy__front.png","Fluttershy/BP01-C04__Fluttershy__back.png","https://static-sg.kayouofficial.com/overseas/website/2026/06/25/590553c23e7fae3673fcadddc410ce72-745-1038.png","https://static-sg.kayouofficial.com/overseas/website/2026/06/25/e163ae9b0cdbf519fbf2a9def977d581-745-1040.png"
"BP01-C05","Fluttershy","C","rarity-ts2wo1ts","92","745","1038","745","1038","true","Fluttershy/BP01-C05__Fluttershy__front.png","Fluttershy/BP01-C05__Fluttershy__back.png","https://static-sg.kayouofficial.com/overseas/website/2026/06/25/14b33c038d17c1127381d8b662dde41d-745-1038.png","https://static-sg.kayouofficial.com/overseas/website/2026/06/25/00b0187150fd9334780913f7d074aa62-745-1040.png"
"BP01-C06","Pinkie Pie","C","rarity-ts2wo1ts","93","745","1038","745","1038","true","Pinkie Pie/BP01-C06__Pinkie Pie__front.png","Pinkie Pie/BP01-C06__Pinkie Pie__back.png","https://static-sg.kayouofficial.com/overseas/website/2026/06/25/e4172c5ef2968f87ce40c94140408f63-745-1038.png","https://static-sg.kayouofficial.com/overseas/website/2026/06/25/ec6b4f3a8fdd9badf3c824ea8eace736-745-1040.png"
"BP01-C07","Pinkie Pie","C","rarity-ts2wo1ts","94","745","1038","745","1038","true","Pinkie Pie/BP01-C07__Pinkie Pie__front.png","Pinkie Pie/BP01-C07__Pinkie Pie__back.png","https://static-sg.kayouofficial.com/overseas/website/2026/06/25/e04609861bd155c835c7f4acc2019acc-745-1038.png","https://static-sg.kayouofficial.com/overseas/website/2026/06/25/03fd56bb664d36548c1735c20e4f1df7-745-1040.png"
"BP01-C08","Applejack","C","rarity-ts2wo1ts","95","745","1038","745","1038","true","Applejack/BP01-C08__Applejack__front.png","Applejack/BP01-C08__Applejack__back.png","https://static-sg.kayouofficial.com/overseas/website/2026/06/25/9a79de98425aec44d789a89e41e0fc3e-745-1038.png","https://static-sg.kayouofficial.com/overseas/website/2026/06/25/0b2c140431e49260bde163b30cd0348e-745-1040.png"
"BP01-C09","Applejack","C","rarity-ts2wo1ts","96","745","1038","745","1038","true","Applejack/BP01-C09__Applejack__front.png","Applejack/BP01-C09__Applejack__back.png","https://static-sg.kayouofficial.com/overseas/website/2026/06/25/5870f05e8a214df5a3d9e118efa134dc-745-1038.png","https://static-sg.kayouofficial.com/overseas/website/2026/06/25/84b950b1299060b2893aa7d7e71e32a3-745-1040.png"
"BP01-C10","Rainbow Dash","C","rarity-ts2wo1ts","97","745","1038","745","1038","true","Rainbow Dash/BP01-C10__Rainbow Dash__front.png","Rainbow Dash/BP01-C10__Rainbow Dash__back.png","https://static-sg.kayouofficial.com/overseas/website/2026/06/25/c70b7e747f392d5235cfc314eb68811c-745-1038.png","https://static-sg.kayouofficial.com/overseas/website/2026/06/25/4173aeff9a4dabcb74817095c36e6fd4-745-1040.png"
"BP01-C11","Rainbow Dash","C","rarity-ts2wo1ts","98","745","1038","745","1038","true","Rainbow Dash/BP01-C11__Rainbow Dash__front.png","Rainbow Dash/BP01-C11__Rainbow Dash__back.png","https://static-sg.kayouofficial.com/overseas/website/2026/06/25/042a3425c3a217de4414024dc4660976-745-1038.png","https://static-sg.kayouofficial.com/overseas/website/2026/06/25/14703eba112922e3474284b61e2666c8-745-1040.png"
"BP01-C12","Rarity","C","rarity-ts2wo1ts","99","745","1038","745","1038","true","Rarity/BP01-C12__Rarity__front.png","Rarity/BP01-C12__Rarity__back.png","https://static-sg.kayouofficial.com/overseas/website/2026/06/25/b92fcbbd6e8e3d65d4862066e6e774f8-745-1038.png","https://static-sg.kayouofficial.com/overseas/website/2026/06/25/d74c3ef9bdcfce990ae50adb102f0d07-745-1040.png"
"BP01-C13","Rarity","C","rarity-ts2wo1ts","100","745","1038","745","1038","true","Rarity/BP01-C13__Rarity__front.png","Rarity/BP01-C13__Rarity__back.png","https://static-sg.kayouofficial.com/overseas/website/2026/06/25/93bfd543887cde5276af7c32ad186203-745-1038.png","https://static-sg.kayouofficial.com/overseas/website/2026/06/25/33575ed8f30facfb2642e9619ec83f97-745-1040.png"
"BP01-C14","Spike","C","rarity-ts2wo1ts","101","745","1038","745","1038","true","Spike/BP01-C14__Spike__front.png","Spike/BP01-C14__Spike__back.png","https://static-sg.kayouofficial.com/overseas/website/2026/06/25/21b9df7d510709ad2fdcc958cfe693e7-745-1038.png","https://static-sg.kayouofficial.com/overseas/website/2026/06/25/eef846aee83d83f6ffb3ceab4262089b-745-1040.png"
"BP01-C15","Apple Bloom","C","rarity-ts2wo1ts","102","745","1038","745","1038","true","Apple Bloom/BP01-C15__Apple Bloom__front.png","Apple Bloom/BP01-C15__Apple Bloom__back.png","https://static-sg.kayouofficial.com/overseas/website/2026/06/25/c937775840d45a5de6914d58c74ec569-745-1038.png","https://static-sg.kayouofficial.com/overseas/website/2026/06/25/84eca06398e839dec87778b48d1a9f7c-745-1040.png"
"BP01-C16","Sweetie Belle","C","rarity-ts2wo1ts","103","745","1038","745","1038","true","Sweetie Belle/BP01-C16__Sweetie Belle__front.png","Sweetie Belle/BP01-C16__Sweetie Belle__back.png","https://static-sg.kayouofficial.com/overseas/website/2026/06/25/86de7e0e77bdb486be9e4d980d4031bc-745-1038.png","https://static-sg.kayouofficial.com/overseas/website/2026/06/25/b8cfac1ee2aa81810cdc8353fd64144f-745-1040.png"
"BP01-C17","Scootaloo","C","rarity-ts2wo1ts","104","745","1038","745","1038","true","Scootaloo/BP01-C17__Scootaloo__front.png","Scootaloo/BP01-C17__Scootaloo__back.png","https://static-sg.kayouofficial.com/overseas/website/2026/06/25/53b3d117d43854baaa7e151d982339e4-745-1038.png","https://static-sg.kayouofficial.com/overseas/website/2026/06/25/4dd6ebd1a14d20ad8693c1b6bb1e0420-745-1040.png"
"BP01-C18","Big McIntosh","C","rarity-ts2wo1ts","105","745","1038","745","1038","true","Big McIntosh/BP01-C18__Big McIntosh__front.png","Big McIntosh/BP01-C18__Big McIntosh__back.png","https://static-sg.kayouofficial.com/overseas/website/2026/06/25/6720f0c4c1c2f5854cf79def28fdd9c8-745-1038.png","https://static-sg.kayouofficial.com/overseas/website/2026/06/25/20b755e3ef9a92b363e28ded64e18c7a-745-1040.png"
"BP01-C19","Granny Smith","C","rarity-ts2wo1ts","106","745","1038","745","1038","true","Granny Smith/BP01-C19__Granny Smith__front.png","Granny Smith/BP01-C19__Granny Smith__back.png","https://static-sg.kayouofficial.com/overseas/website/2026/06/25/23568e02d888d290c4f5362acc1e893b-745-1038.png","https://static-sg.kayouofficial.com/overseas/website/2026/06/25/b5c45c6e96337b33de816eefa222f049-745-1040.png"
"BP01-C20","Trixie","C","rarity-ts2wo1ts","107","745","1038","745","1038","true","Trixie/BP01-C20__Trixie__front.png","Trixie/BP01-C20__Trixie__back.png","https://static-sg.kayouofficial.com/overseas/website/2026/06/25/2c515202069a1908c7a221f0bc132c5b-745-1038.png","https://static-sg.kayouofficial.com/overseas/website/2026/06/25/c9f2d78b352961e409da522c12a393f9-745-1040.png"
"BP01-C21","Gilda","C","rarity-ts2wo1ts","108","745","1038","745","1038","true","Gilda/BP01-C21__Gilda__front.png","Gilda/BP01-C21__Gilda__back.png","https://static-sg.kayouofficial.com/overseas/website/2026/06/25/b1272e4ead87e442cdb79d4058131ccd-745-1038.png","https://static-sg.kayouofficial.com/overseas/website/2026/06/25/69ddb9b8c650e4ddc2c602db54e402b5-745-1040.png"
"BP01-C22","Diamond Tiara","C","rarity-ts2wo1ts","109","745","1038","745","1038","true","Diamond Tiara/BP01-C22__Diamond Tiara__front.png","Diamond Tiara/BP01-C22__Diamond Tiara__back.png","https://static-sg.kayouofficial.com/overseas/website/2026/06/25/0851363174e1bb963d178e34fc3657ca-745-1038.png","https://static-sg.kayouofficial.com/overseas/website/2026/06/25/5fed2a65cb8099ef11de156ac1bf492d-745-1040.png"
"BP01-C23","Silver Spoon","C","rarity-ts2wo1ts","110","745","1038","745","1038","true","Silver Spoon/BP01-C23__Silver Spoon__front.png","Silver Spoon/BP01-C23__Silver Spoon__back.png","https://static-sg.kayouofficial.com/overseas/website/2026/06/25/7460320ffb1683163367805502ad28a7-745-1038.png","https://static-sg.kayouofficial.com/overseas/website/2026/06/25/8cfa78f51c363f5b3d8f9953422774e5-745-1040.png"
"BP01-C24","Mayor Mare","C","rarity-ts2wo1ts","111","745","1038","745","1038","true","Mayor Mare/BP01-C24__Mayor Mare__front.png","Mayor Mare/BP01-C24__Mayor Mare__back.png","https://static-sg.kayouofficial.com/overseas/website/2026/06/25/5e2569b5280044224d5d7633bfa3fe5c-745-1038.png","https://static-sg.kayouofficial.com/overseas/website/2026/06/25/374ea3ab53bd3bb2fd65256382ec9244-745-1040.png"
"BP01-C25","The Ticket Master -- Two Tickets to the Gala","C","rarity-ts2wo1ts","112","1040","745","1040","745","true","The Ticket Master -- Two Tickets to the Gala/BP01-C25__The Ticket Master -- Two Tickets to the Gala__front.png","The Ticket Master -- Two Tickets to the Gala/BP01-C25__The Ticket Master -- Two Tickets to the Gala__back.png","https://static-sg.kayouofficial.com/overseas/website/2026/06/25/21466f72aaf05725d1df1fc1c4f483c4-1040-745.png","https://static-sg.kayouofficial.com/overseas/website/2026/06/25/5dfa1acf1a1b8d61058db12d2178272f-1040-745.png"
"BP01-C26","The Ticket Master -- Friends Frenzy","C","rarity-ts2wo1ts","113","1040","745","1040","745","true","The Ticket Master -- Friends Frenzy/BP01-C26__The Ticket Master -- Friends Frenzy__front.png","The Ticket Master -- Friends Frenzy/BP01-C26__The Ticket Master -- Friends Frenzy__back.png","https://static-sg.kayouofficial.com/overseas/website/2026/06/25/3b65f98bdfafb2f8e7917c4a7beef9e9-1040-745.png","https://static-sg.kayouofficial.com/overseas/website/2026/06/25/36574c25f25dd512dfd56ea33685131b-1040-745.png"
"BP01-C27","The Ticket Master -- All or None","C","rarity-ts2wo1ts","114","1040","745","1040","745","true","The Ticket Master -- All or None/BP01-C27__The Ticket Master -- All or None__front.png","The Ticket Master -- All or None/BP01-C27__The Ticket Master -- All or None__back.png","https://static-sg.kayouofficial.com/overseas/website/2026/06/25/146ce1063aa8be22594efd338780ba4d-1040-745.png","https://static-sg.kayouofficial.com/overseas/website/2026/06/25/0e61e75c4309e0b554c0f6037cc231f7-1040-745.png"
"BP01-C28","The Ticket Master -- Wish Granted","C","rarity-ts2wo1ts","115","1040","745","1040","745","true","The Ticket Master -- Wish Granted/BP01-C28__The Ticket Master -- Wish Granted__front.png","The Ticket Master -- Wish Granted/BP01-C28__The Ticket Master -- Wish Granted__back.png","https://static-sg.kayouofficial.com/overseas/website/2026/06/25/e82dc673cc09976341e29ee171e64b69-1040-745.png","https://static-sg.kayouofficial.com/overseas/website/2026/06/25/08c1590dbb71fbad783549f7ab40665f-1040-745.png"
"BP01-C29","Curing Philomena -- A Very Sick Patient","C","rarity-ts2wo1ts","116","1040","745","1040","745","true","Curing Philomena -- A Very Sick Patient/BP01-C29__Curing Philomena -- A Very Sick Patient__front.png","Curing Philomena -- A Very Sick Patient/BP01-C29__Curing Philomena -- A Very Sick Patient__back.png","https://static-sg.kayouofficial.com/overseas/website/2026/06/25/1582a992aa941884922b5430a59c3ffa-1040-745.png","https://static-sg.kayouofficial.com/overseas/website/2026/06/25/a2f2c353d4f16838f830eaba4770c035-1040-745.png"
"BP01-C30","Curing Philomena -- Intensive Care","C","rarity-ts2wo1ts","117","1040","745","1040","745","true","Curing Philomena -- Intensive Care/BP01-C30__Curing Philomena -- Intensive Care__front.png","Curing Philomena -- Intensive Care/BP01-C30__Curing Philomena -- Intensive Care__back.png","https://static-sg.kayouofficial.com/overseas/website/2026/06/25/dbee8888a2506eda65a47673b4228bd2-1040-745.png","https://static-sg.kayouofficial.com/overseas/website/2026/06/25/4221af2d1b339f95cd1fc1c21986eb8a-1040-745.png"
"BP01-C31","Curing Philomena -- Turning to Ash","C","rarity-ts2wo1ts","118","1040","745","1040","745","true","Curing Philomena -- Turning to Ash/BP01-C31__Curing Philomena -- Turning to Ash__front.png","Curing Philomena -- Turning to Ash/BP01-C31__Curing Philomena -- Turning to Ash__back.png","https://static-sg.kayouofficial.com/overseas/website/2026/06/25/235d0d3223d465a20566994971268804-1040-745.png","https://static-sg.kayouofficial.com/overseas/website/2026/06/25/06262aa2ac545d8dbd8c124130515b50-1040-745.png"
"BP01-C32","Curing Philomena -- Rebirth","C","rarity-ts2wo1ts","119","1040","745","1040","745","true","Curing Philomena -- Rebirth/BP01-C32__Curing Philomena -- Rebirth__front.png","Curing Philomena -- Rebirth/BP01-C32__Curing Philomena -- Rebirth__back.png","https://static-sg.kayouofficial.com/overseas/website/2026/06/25/2e856574432d503dc81de1eb9a2b1421-1040-745.png","https://static-sg.kayouofficial.com/overseas/website/2026/06/25/c9ac869301933257152a1c5269a21d0e-1040-745.png"
"BP01-C33","Party of One -- Invitation Declined","C","rarity-ts2wo1ts","120","1040","745","1040","745","true","Party of One -- Invitation Declined/BP01-C33__Party of One -- Invitation Declined__front.png","Party of One -- Invitation Declined/BP01-C33__Party of One -- Invitation Declined__back.png","https://static-sg.kayouofficial.com/overseas/website/2026/06/25/83949182b29733776c264dc579b2eed7-1040-745.png","https://static-sg.kayouofficial.com/overseas/website/2026/06/25/e58c00f9dc2f141570698c09007f6a9e-1040-745.png"
"BP01-C34","Party of One -- Something Fishy","C","rarity-ts2wo1ts","121","1040","745","1040","745","true","Party of One -- Something Fishy/BP01-C34__Party of One -- Something Fishy__front.png","Party of One -- Something Fishy/BP01-C34__Party of One -- Something Fishy__back.png","https://static-sg.kayouofficial.com/overseas/website/2026/06/25/40b9c2d754ab8c52b16c22f6273081e9-1040-745.png","https://static-sg.kayouofficial.com/overseas/website/2026/06/25/b92b5dda69a77bf34644e3111872e6e7-1040-745.png"
"BP01-C35","Party of One -- Sad & Lonely Pinkie","C","rarity-ts2wo1ts","122","1040","745","1040","745","true","Party of One -- Sad & Lonely Pinkie/BP01-C35__Party of One -- Sad & Lonely Pinkie__front.png","Party of One -- Sad & Lonely Pinkie/BP01-C35__Party of One -- Sad & Lonely Pinkie__back.png","https://static-sg.kayouofficial.com/overseas/website/2026/06/25/dad89873656cab293b3ca38a5db365e5-1040-745.png","https://static-sg.kayouofficial.com/overseas/website/2026/06/25/58126e4d96b4e8a3240b85109fa645a2-1040-745.png"
"BP01-C36","Party of One -- Surprise Birthday Party","C","rarity-ts2wo1ts","123","1040","745","1040","745","true","Party of One -- Surprise Birthday Party/BP01-C36__Party of One -- Surprise Birthday Party__front.png","Party of One -- Surprise Birthday Party/BP01-C36__Party of One -- Surprise Birthday Party__back.png","https://static-sg.kayouofficial.com/overseas/website/2026/06/25/d13eac01b4b0e3fb3dc41e55f241bedc-1040-745.png","https://static-sg.kayouofficial.com/overseas/website/2026/06/25/cd513e4b2841ae531eee9c5b9f73a088-1040-745.png"
"BP01-C37","Over a Barrel——Bedtime Story","C","rarity-ts2wo1ts","124","1040","745","1040","745","true","Over a Barrel——Bedtime Story/BP01-C37__Over a Barrel——Bedtime Story__front.png","Over a Barrel——Bedtime Story/BP01-C37__Over a Barrel——Bedtime Story__back.png","https://static-sg.kayouofficial.com/overseas/website/2026/06/25/f17862ebff9ffb07633b0abd96bb80b5-1040-745.png","https://static-sg.kayouofficial.com/overseas/website/2026/06/25/deca883dec96e45a182e103198c7e5ef-1040-745.png"
"BP01-C38","Over a Barrel——Train Heist","C","rarity-ts2wo1ts","125","1040","745","1040","745","true","Over a Barrel——Train Heist/BP01-C38__Over a Barrel——Train Heist__front.png","Over a Barrel——Train Heist/BP01-C38__Over a Barrel——Train Heist__back.png","https://static-sg.kayouofficial.com/overseas/website/2026/06/25/9bae4c869457c93c6793c4840fe13a92-1040-745.png","https://static-sg.kayouofficial.com/overseas/website/2026/06/25/377a13ce9708664ecc36f4e6507a7982-1040-745.png"
"BP01-C39","Over a Barrel——Tit for Tat","C","rarity-ts2wo1ts","126","1040","745","1040","745","true","Over a Barrel——Tit for Tat/BP01-C39__Over a Barrel——Tit for Tat__front.png","Over a Barrel——Tit for Tat/BP01-C39__Over a Barrel——Tit for Tat__back.png","https://static-sg.kayouofficial.com/overseas/website/2026/06/25/ea55e74f6914912c2efadc906d012838-1040-745.png","https://static-sg.kayouofficial.com/overseas/website/2026/06/25/c4b65f420c22d637ceebedf1c4146902-1040-745.png"
"BP01-C40","Over a Barrel——Bury the Hatchet","C","rarity-ts2wo1ts","127","1040","745","1040","745","true","Over a Barrel——Bury the Hatchet/BP01-C40__Over a Barrel——Bury the Hatchet__front.png","Over a Barrel——Bury the Hatchet/BP01-C40__Over a Barrel——Bury the Hatchet__back.png","https://static-sg.kayouofficial.com/overseas/website/2026/06/25/a8c7a82adcdf8f8878ad98161d739f48-1040-745.png","https://static-sg.kayouofficial.com/overseas/website/2026/06/25/106dbdcbf4b4f6c869791f30e2707153-1040-745.png"
"BP01-C41","Griffon the Brush Off——Old Pal Here","C","rarity-ts2wo1ts","128","1040","744","1040","744","true","Griffon the Brush Off——Old Pal Here/BP01-C41__Griffon the Brush Off——Old Pal Here__front.png","Griffon the Brush Off——Old Pal Here/BP01-C41__Griffon the Brush Off——Old Pal Here__back.png","https://static-sg.kayouofficial.com/overseas/website/2026/06/25/6eac285dfb7f45059445a215d449be73-1040-744.png","https://static-sg.kayouofficial.com/overseas/website/2026/06/25/944d0371fce87de5a788d285c67fe294-1040-745.png"
"BP01-C42","Griffon the Brush Off——Welcome Party","C","rarity-ts2wo1ts","129","1040","745","1040","745","true","Griffon the Brush Off——Welcome Party/BP01-C42__Griffon the Brush Off——Welcome Party__front.png","Griffon the Brush Off——Welcome Party/BP01-C42__Griffon the Brush Off——Welcome Party__back.png","https://static-sg.kayouofficial.com/overseas/website/2026/06/25/e550bb78019dcd6d99956c2bb9132364-1040-745.png","https://static-sg.kayouofficial.com/overseas/website/2026/06/25/c8e636b3cfb172aea12dd5746dad207a-1040-745.png"
"BP01-C43","Griffon the Brush Off——Losing her temper","C","rarity-ts2wo1ts","130","1040","745","1040","745","true","Griffon the Brush Off——Losing her temper/BP01-C43__Griffon the Brush Off——Losing her temper__front.png","Griffon the Brush Off——Losing her temper/BP01-C43__Griffon the Brush Off——Losing her temper__back.png","https://static-sg.kayouofficial.com/overseas/website/2026/06/25/fc88713354f38ea0d250abf723e6aac0-1040-745.png","https://static-sg.kayouofficial.com/overseas/website/2026/06/25/355fa820dcf984a75b5ae48ff8d9484d-1040-745.png"
"BP01-C44","Griffon the Brush Off——The Party Goes On","C","rarity-ts2wo1ts","131","1040","745","1040","745","true","Griffon the Brush Off——The Party Goes On/BP01-C44__Griffon the Brush Off——The Party Goes On__front.png","Griffon the Brush Off——The Party Goes On/BP01-C44__Griffon the Brush Off——The Party Goes On__back.png","https://static-sg.kayouofficial.com/overseas/website/2026/06/25/ce1158afb7ec0281367bcf2b63561d81-1040-745.png","https://static-sg.kayouofficial.com/overseas/website/2026/06/25/9e5dccc3d72793d655eb15bcf593c7f1-1040-745.png"
"BP01-C45","Suited For Success——Too Much Advice","C","rarity-ts2wo1ts","132","1040","745","1040","745","true","Suited For Success——Too Much Advice/BP01-C45__Suited For Success——Too Much Advice__front.png","Suited For Success——Too Much Advice/BP01-C45__Suited For Success——Too Much Advice__back.png","https://static-sg.kayouofficial.com/overseas/website/2026/06/25/deceaf500ebb22508187ee954338ec9d-1040-745.png","https://static-sg.kayouofficial.com/overseas/website/2026/06/25/2ffa4b25c373f8bcde8c760cd74743af-1040-745.png"
"BP01-C46","Suited For Success——Fashion Flops","C","rarity-ts2wo1ts","133","1040","745","1040","745","true","Suited For Success——Fashion Flops/BP01-C46__Suited For Success——Fashion Flops__front.png","Suited For Success——Fashion Flops/BP01-C46__Suited For Success——Fashion Flops__back.png","https://static-sg.kayouofficial.com/overseas/website/2026/06/25/aca80ace37231a090d4f243244b6c1d6-1040-745.png","https://static-sg.kayouofficial.com/overseas/website/2026/06/25/b338e2ccbfe57f6d5e05ef227bedc479-1040-745.png"
"BP01-C47","Suited For Success——First Edition","C","rarity-ts2wo1ts","134","1040","745","1040","745","true","Suited For Success——First Edition/BP01-C47__Suited For Success——First Edition__front.png","Suited For Success——First Edition/BP01-C47__Suited For Success——First Edition__back.png","https://static-sg.kayouofficial.com/overseas/website/2026/06/25/e2a829635c7f9d944d63d8adefe959e1-1040-745.png","https://static-sg.kayouofficial.com/overseas/website/2026/06/25/55d8f7ac264ce549ede11e5ffd606bc9-1040-745.png"
"BP01-C48","Suited For Success——Suited Up!","C","rarity-ts2wo1ts","135","1040","745","1040","745","true","Suited For Success——Suited Up!/BP01-C48__Suited For Success——Suited Up!__front.png","Suited For Success——Suited Up!/BP01-C48__Suited For Success——Suited Up!__back.png","https://static-sg.kayouofficial.com/overseas/website/2026/06/25/a67e0ff1432d6312f088e0626e3fce7e-1040-745.png","https://static-sg.kayouofficial.com/overseas/website/2026/06/25/0c70b9ef1368f8d6d318340a70281ac5-1040-745.png"
"BP01-U01","Twilight Sparkle","U","rarity-jm2q3zmi","136","674","1004","744","1039","false","Twilight Sparkle/BP01-U01__Twilight Sparkle__front.png","Twilight Sparkle/BP01-U01__Twilight Sparkle__back.png","https://static-sg.kayouofficial.com/overseas/website/2026/06/25/c69cd686e9a0cd19d4e7c3c4453e6c67-744-1039.png","https://static-sg.kayouofficial.com/overseas/website/2026/06/25/a54fbf88c7d7fec61775d421ac8a1f28-745-1040.png"
"BP01-U02","Twilight Sparkle","U","rarity-jm2q3zmi","137","674","1004","744","1039","false","Twilight Sparkle/BP01-U02__Twilight Sparkle__front.png","Twilight Sparkle/BP01-U02__Twilight Sparkle__back.png","https://static-sg.kayouofficial.com/overseas/website/2026/06/25/8f5eb73910da406a69bd7956f069e467-744-1039.png","https://static-sg.kayouofficial.com/overseas/website/2026/06/25/a54fbf88c7d7fec61775d421ac8a1f28-745-1040.png"
"BP01-U03","Fluttershy","U","rarity-jm2q3zmi","138","674","1005","744","1039","false","Fluttershy/BP01-U03__Fluttershy__front.png","Fluttershy/BP01-U03__Fluttershy__back.png","https://static-sg.kayouofficial.com/overseas/website/2026/06/25/0c82e3ce2a0bd65cb658b4ed5b2205c4-744-1039.png","https://static-sg.kayouofficial.com/overseas/website/2026/06/25/a54fbf88c7d7fec61775d421ac8a1f28-745-1040.png"
"BP01-U04","Fluttershy","U","rarity-jm2q3zmi","139","674","1005","744","1039","false","Fluttershy/BP01-U04__Fluttershy__front.png","Fluttershy/BP01-U04__Fluttershy__back.png","https://static-sg.kayouofficial.com/overseas/website/2026/06/25/072f83642f7a84361f81111095687227-744-1039.png","https://static-sg.kayouofficial.com/overseas/website/2026/06/25/a54fbf88c7d7fec61775d421ac8a1f28-745-1040.png"
"BP01-U05","Pinkie Pie","U","rarity-jm2q3zmi","140","674","1005","744","1039","false","Pinkie Pie/BP01-U05__Pinkie Pie__front.png","Pinkie Pie/BP01-U05__Pinkie Pie__back.png","https://static-sg.kayouofficial.com/overseas/website/2026/06/25/576b54231b7a1758cbcc79ebd4ce0d11-744-1039.png","https://static-sg.kayouofficial.com/overseas/website/2026/06/25/a54fbf88c7d7fec61775d421ac8a1f28-745-1040.png"
"BP01-U06","Pinkie Pie","U","rarity-jm2q3zmi","141","674","1005","744","1039","false","Pinkie Pie/BP01-U06__Pinkie Pie__front.png","Pinkie Pie/BP01-U06__Pinkie Pie__back.png","https://static-sg.kayouofficial.com/overseas/website/2026/06/25/fc22705946edd95ed1b43cafc6696980-744-1039.png","https://static-sg.kayouofficial.com/overseas/website/2026/06/25/a54fbf88c7d7fec61775d421ac8a1f28-745-1040.png"
"BP01-U07","Applejack","U","rarity-jm2q3zmi","142","674","1005","744","1039","false","Applejack/BP01-U07__Applejack__front.png","Applejack/BP01-U07__Applejack__back.png","https://static-sg.kayouofficial.com/overseas/website/2026/06/25/1a7e292a8c71eb4155167b3602ee0417-744-1039.png","https://static-sg.kayouofficial.com/overseas/website/2026/06/25/a54fbf88c7d7fec61775d421ac8a1f28-745-1040.png"
"BP01-U08","Applejack","U","rarity-jm2q3zmi","143","674","1005","744","1039","false","Applejack/BP01-U08__Applejack__front.png","Applejack/BP01-U08__Applejack__back.png","https://static-sg.kayouofficial.com/overseas/website/2026/06/25/d63a394f2cff58b9c400591ea9de00a5-744-1039.png","https://static-sg.kayouofficial.com/overseas/website/2026/06/25/a54fbf88c7d7fec61775d421ac8a1f28-745-1040.png"
"BP01-U09","Rainbow Dash","U","rarity-jm2q3zmi","144","674","1005","744","1039","false","Rainbow Dash/BP01-U09__Rainbow Dash__front.png","Rainbow Dash/BP01-U09__Rainbow Dash__back.png","https://static-sg.kayouofficial.com/overseas/website/2026/06/25/75cbb37025246a0dd888bb203c451f87-744-1039.png","https://static-sg.kayouofficial.com/overseas/website/2026/06/25/a54fbf88c7d7fec61775d421ac8a1f28-745-1040.png"
"BP01-U10","Rainbow Dash","U","rarity-jm2q3zmi","145","674","1005","744","1039","false","Rainbow Dash/BP01-U10__Rainbow Dash__front.png","Rainbow Dash/BP01-U10__Rainbow Dash__back.png","https://static-sg.kayouofficial.com/overseas/website/2026/06/25/d8e194ec71204d03f9004249d08a2fb9-744-1039.png","https://static-sg.kayouofficial.com/overseas/website/2026/06/25/a54fbf88c7d7fec61775d421ac8a1f28-745-1040.png"
"BP01-U11","Rarity","U","rarity-jm2q3zmi","146","673","1005","744","1039","false","Rarity/BP01-U11__Rarity__front.png","Rarity/BP01-U11__Rarity__back.png","https://static-sg.kayouofficial.com/overseas/website/2026/06/25/9898eae47bba82b89b08166bb998f1b2-744-1039.png","https://static-sg.kayouofficial.com/overseas/website/2026/06/25/a54fbf88c7d7fec61775d421ac8a1f28-745-1040.png"
"BP01-U12","Rarity","U","rarity-jm2q3zmi","147","674","1005","744","1039","false","Rarity/BP01-U12__Rarity__front.png","Rarity/BP01-U12__Rarity__back.png","https://static-sg.kayouofficial.com/overseas/website/2026/06/25/88c4c4959c9ade27d3914f1cc3e56a6d-744-1039.png","https://static-sg.kayouofficial.com/overseas/website/2026/06/25/a54fbf88c7d7fec61775d421ac8a1f28-745-1040.png"
"BP01-U13","Spike","U","rarity-jm2q3zmi","148","674","1004","744","1039","false","Spike/BP01-U13__Spike__front.png","Spike/BP01-U13__Spike__back.png","https://static-sg.kayouofficial.com/overseas/website/2026/06/25/8c652892ea51393554144d2f693fc08b-744-1039.png","https://static-sg.kayouofficial.com/overseas/website/2026/06/25/a54fbf88c7d7fec61775d421ac8a1f28-745-1040.png"
"BP01-U14","Spike","U","rarity-jm2q3zmi","149","674","1004","744","1039","false","Spike/BP01-U14__Spike__front.png","Spike/BP01-U14__Spike__back.png","https://static-sg.kayouofficial.com/overseas/website/2026/06/25/4059f70319c4d3b4f54c8aff0a111cdd-744-1039.png","https://static-sg.kayouofficial.com/overseas/website/2026/06/25/a54fbf88c7d7fec61775d421ac8a1f28-745-1040.png"
"BP01-U15","Apple Bloom","U","rarity-jm2q3zmi","150","673","1005","744","1039","false","Apple Bloom/BP01-U15__Apple Bloom__front.png","Apple Bloom/BP01-U15__Apple Bloom__back.png","https://static-sg.kayouofficial.com/overseas/website/2026/06/25/da16f7e0f4c8d496969733d15718a6cc-744-1039.png","https://static-sg.kayouofficial.com/overseas/website/2026/06/25/a54fbf88c7d7fec61775d421ac8a1f28-745-1040.png"
"BP01-U16","Sweetie Belle","U","rarity-jm2q3zmi","151","673","1005","744","1039","false","Sweetie Belle/BP01-U16__Sweetie Belle__front.png","Sweetie Belle/BP01-U16__Sweetie Belle__back.png","https://static-sg.kayouofficial.com/overseas/website/2026/06/25/6f567042ccf71f4810b8f3b7b199b58d-744-1039.png","https://static-sg.kayouofficial.com/overseas/website/2026/06/25/a54fbf88c7d7fec61775d421ac8a1f28-745-1040.png"
"BP01-U17","Scootaloo","U","rarity-jm2q3zmi","152","674","1005","744","1039","false","Scootaloo/BP01-U17__Scootaloo__front.png","Scootaloo/BP01-U17__Scootaloo__back.png","https://static-sg.kayouofficial.com/overseas/website/2026/06/25/aeb593c09faee9060a79e09684c64282-744-1039.png","https://static-sg.kayouofficial.com/overseas/website/2026/06/25/a54fbf88c7d7fec61775d421ac8a1f28-745-1040.png"
"BP01-U18","Trixie","U","rarity-jm2q3zmi","153","674","1005","744","1039","false","Trixie/BP01-U18__Trixie__front.png","Trixie/BP01-U18__Trixie__back.png","https://static-sg.kayouofficial.com/overseas/website/2026/06/25/ba3121e3e2a111dc11c22b4de422e86a-744-1039.png","https://static-sg.kayouofficial.com/overseas/website/2026/06/25/a54fbf88c7d7fec61775d421ac8a1f28-745-1040.png"
"BP01-SR01","Twilight Sparkle","SR","rarity-8shimine","154","745","1040","745","1040","true","Twilight Sparkle/BP01-SR01__Twilight Sparkle__front.png","Twilight Sparkle/BP01-SR01__Twilight Sparkle__back.png","https://static-sg.kayouofficial.com/overseas/website/2026/06/25/b0dda0a73bf4e175e25d55883fb7dfe3-745-1040.png","https://static-sg.kayouofficial.com/overseas/website/2026/06/25/02a2f3ddbe3b11ee2c4aeb95ed122804-745-1040.png"
"BP01-SR02","Fluttershy","SR","rarity-8shimine","155","745","1040","745","1040","true","Fluttershy/BP01-SR02__Fluttershy__front.png","Fluttershy/BP01-SR02__Fluttershy__back.png","https://static-sg.kayouofficial.com/overseas/website/2026/06/25/7278df190f1ea16bfb63fd1f9c6cd500-745-1040.png","https://static-sg.kayouofficial.com/overseas/website/2026/06/25/02a2f3ddbe3b11ee2c4aeb95ed122804-745-1040.png"
"BP01-SR03","Pinkie Pie","SR","rarity-8shimine","156","745","1040","745","1040","true","Pinkie Pie/BP01-SR03__Pinkie Pie__front.png","Pinkie Pie/BP01-SR03__Pinkie Pie__back.png","https://static-sg.kayouofficial.com/overseas/website/2026/06/25/a98211bd099136ba9209a59383a4135c-745-1040.png","https://static-sg.kayouofficial.com/overseas/website/2026/06/25/02a2f3ddbe3b11ee2c4aeb95ed122804-745-1040.png"
"BP01-SR04","Applejack","SR","rarity-8shimine","157","744","1040","744","1040","true","Applejack/BP01-SR04__Applejack__front.png","Applejack/BP01-SR04__Applejack__back.png","https://static-sg.kayouofficial.com/overseas/website/2026/06/25/1a79c1ca2b2e4d245b59d52530b9f92a-744-1040.png","https://static-sg.kayouofficial.com/overseas/website/2026/06/25/02a2f3ddbe3b11ee2c4aeb95ed122804-745-1040.png"
"BP01-SR05","Rainbow Dash","SR","rarity-8shimine","158","745","1040","745","1040","true","Rainbow Dash/BP01-SR05__Rainbow Dash__front.png","Rainbow Dash/BP01-SR05__Rainbow Dash__back.png","https://static-sg.kayouofficial.com/overseas/website/2026/06/25/a407aa1f10a6dc58b43da4994301d978-745-1040.png","https://static-sg.kayouofficial.com/overseas/website/2026/06/25/02a2f3ddbe3b11ee2c4aeb95ed122804-745-1040.png"
"BP01-SR06","Rarity","SR","rarity-8shimine","159","745","1040","745","1040","true","Rarity/BP01-SR06__Rarity__front.png","Rarity/BP01-SR06__Rarity__back.png","https://static-sg.kayouofficial.com/overseas/website/2026/06/25/c683d502d23e369459f03325b3ae1c92-745-1040.png","https://static-sg.kayouofficial.com/overseas/website/2026/06/25/02a2f3ddbe3b11ee2c4aeb95ed122804-745-1040.png"
"BP01-SR07","Owlowiscious","SR","rarity-8shimine","160","745","1040","745","1040","true","Owlowiscious/BP01-SR07__Owlowiscious__front.png","Owlowiscious/BP01-SR07__Owlowiscious__back.png","https://static-sg.kayouofficial.com/overseas/website/2026/06/25/fe297341b35e75a701edf0d9b313b0cc-745-1040.png","https://static-sg.kayouofficial.com/overseas/website/2026/06/25/02a2f3ddbe3b11ee2c4aeb95ed122804-745-1040.png"
"BP01-SR08","Angel","SR","rarity-8shimine","161","744","1040","744","1040","true","Angel/BP01-SR08__Angel__front.png","Angel/BP01-SR08__Angel__back.png","https://static-sg.kayouofficial.com/overseas/website/2026/06/25/5d345313aa1c49b821b83e4d70abd0f2-744-1040.png","https://static-sg.kayouofficial.com/overseas/website/2026/06/25/02a2f3ddbe3b11ee2c4aeb95ed122804-745-1040.png"
"BP01-SR09","Gummy","SR","rarity-8shimine","162","745","1040","745","1040","true","Gummy/BP01-SR09__Gummy__front.png","Gummy/BP01-SR09__Gummy__back.png","https://static-sg.kayouofficial.com/overseas/website/2026/06/25/66d909ef89608cf5a52b028fb76309f7-745-1040.png","https://static-sg.kayouofficial.com/overseas/website/2026/06/25/02a2f3ddbe3b11ee2c4aeb95ed122804-745-1040.png"
"BP01-SR10","Winona","SR","rarity-8shimine","163","745","1040","745","1040","true","Winona/BP01-SR10__Winona__front.png","Winona/BP01-SR10__Winona__back.png","https://static-sg.kayouofficial.com/overseas/website/2026/06/25/a888542a08d708614eb45f7f7d259f0e-745-1040.png","https://static-sg.kayouofficial.com/overseas/website/2026/06/25/02a2f3ddbe3b11ee2c4aeb95ed122804-745-1040.png"
"BP01-SR11","Tank","SR","rarity-8shimine","164","745","1040","745","1040","true","Tank/BP01-SR11__Tank__front.png","Tank/BP01-SR11__Tank__back.png","https://static-sg.kayouofficial.com/overseas/website/2026/06/25/51c78cc0d843bd9b9a0c4ca30c449d7e-745-1040.png","https://static-sg.kayouofficial.com/overseas/website/2026/06/25/02a2f3ddbe3b11ee2c4aeb95ed122804-745-1040.png"
"BP01-SR12","Opal","SR","rarity-8shimine","165","745","1040","745","1040","true","Opal/BP01-SR12__Opal__front.png","Opal/BP01-SR12__Opal__back.png","https://static-sg.kayouofficial.com/overseas/website/2026/06/25/7e9629d8b940de7a6f931cd190948459-745-1040.png","https://static-sg.kayouofficial.com/overseas/website/2026/06/25/02a2f3ddbe3b11ee2c4aeb95ed122804-745-1040.png"
"BP01-SR13","Zecora","SR","rarity-8shimine","166","745","1040","745","1040","true","Zecora/BP01-SR13__Zecora__front.png","Zecora/BP01-SR13__Zecora__back.png","https://static-sg.kayouofficial.com/overseas/website/2026/06/25/5f080b2bbadc7003bcf44394a20eca5a-745-1040.png","https://static-sg.kayouofficial.com/overseas/website/2026/06/25/02a2f3ddbe3b11ee2c4aeb95ed122804-745-1040.png"
"BP01-SR14","Trixie","SR","rarity-8shimine","167","745","1040","745","1040","true","Trixie/BP01-SR14__Trixie__front.png","Trixie/BP01-SR14__Trixie__back.png","https://static-sg.kayouofficial.com/overseas/website/2026/06/25/e6180d7f4851d1708de1745d2ca9322d-745-1040.png","https://static-sg.kayouofficial.com/overseas/website/2026/06/25/02a2f3ddbe3b11ee2c4aeb95ed122804-745-1040.png"
"BP01-GR01","Twilight Sparkle","GR","rarity-dinnwolt","168","744","1040","744","1040","true","Twilight Sparkle/BP01-GR01__Twilight Sparkle__front.png","Twilight Sparkle/BP01-GR01__Twilight Sparkle__back.png","https://static-sg.kayouofficial.com/overseas/website/2026/06/25/a1b939415e7f279d13c1a09caffa7df4-744-1040.png","https://static-sg.kayouofficial.com/overseas/website/2026/06/25/d0cd2102b8aaa564fd9b874bcc70dadc-745-1040.png"
"BP01-GR02","Fluttershy","GR","rarity-dinnwolt","169","745","1040","745","1040","true","Fluttershy/BP01-GR02__Fluttershy__front.png","Fluttershy/BP01-GR02__Fluttershy__back.png","https://static-sg.kayouofficial.com/overseas/website/2026/06/25/c1630cab91a29b23bbb0b7a05b4094b4-745-1040.png","https://static-sg.kayouofficial.com/overseas/website/2026/06/25/d0cd2102b8aaa564fd9b874bcc70dadc-745-1040.png"
"BP01-GR03","Pinkie Pie","GR","rarity-dinnwolt","170","745","1040","745","1040","true","Pinkie Pie/BP01-GR03__Pinkie Pie__front.png","Pinkie Pie/BP01-GR03__Pinkie Pie__back.png","https://static-sg.kayouofficial.com/overseas/website/2026/06/25/8a60d6e9714421f4b5e4b2e98c097eef-745-1040.png","https://static-sg.kayouofficial.com/overseas/website/2026/06/25/d0cd2102b8aaa564fd9b874bcc70dadc-745-1040.png"
"BP01-GR04","Applejack","GR","rarity-dinnwolt","171","744","1040","744","1040","true","Applejack/BP01-GR04__Applejack__front.png","Applejack/BP01-GR04__Applejack__back.png","https://static-sg.kayouofficial.com/overseas/website/2026/06/25/8c7f25f76a2b9a5ae0a192289201ee47-744-1040.png","https://static-sg.kayouofficial.com/overseas/website/2026/06/25/d0cd2102b8aaa564fd9b874bcc70dadc-745-1040.png"
"BP01-GR05","Rainbow Dash","GR","rarity-dinnwolt","172","745","1040","745","1040","true","Rainbow Dash/BP01-GR05__Rainbow Dash__front.png","Rainbow Dash/BP01-GR05__Rainbow Dash__back.png","https://static-sg.kayouofficial.com/overseas/website/2026/06/25/23bc771dcd603ddbb25bbf1adc1dac3a-745-1040.png","https://static-sg.kayouofficial.com/overseas/website/2026/06/25/d0cd2102b8aaa564fd9b874bcc70dadc-745-1040.png"
"BP01-GR06","Rarity","GR","rarity-dinnwolt","173","745","1040","745","1040","true","Rarity/BP01-GR06__Rarity__front.png","Rarity/BP01-GR06__Rarity__back.png","https://static-sg.kayouofficial.com/overseas/website/2026/06/25/e547991fc0738861f3d192c3aa5753fc-745-1040.png","https://static-sg.kayouofficial.com/overseas/website/2026/06/25/d0cd2102b8aaa564fd9b874bcc70dadc-745-1040.png"
"BP01-GR07","Twilight Sparkle","GR","rarity-dinnwolt","174","744","1040","744","1040","true","Twilight Sparkle/BP01-GR07__Twilight Sparkle__front.png","Twilight Sparkle/BP01-GR07__Twilight Sparkle__back.png","https://static-sg.kayouofficial.com/overseas/website/2026/06/25/d7f4df568ce2a473e95d67b999162cdb-744-1040.png","https://static-sg.kayouofficial.com/overseas/website/2026/06/25/d0cd2102b8aaa564fd9b874bcc70dadc-745-1040.png"
"BP01-GR08","Fluttershy","GR","rarity-dinnwolt","175","745","1040","745","1040","true","Fluttershy/BP01-GR08__Fluttershy__front.png","Fluttershy/BP01-GR08__Fluttershy__back.png","https://static-sg.kayouofficial.com/overseas/website/2026/06/25/aab8d46c985979fa68d7ac8262c871b7-745-1040.png","https://static-sg.kayouofficial.com/overseas/website/2026/06/25/d0cd2102b8aaa564fd9b874bcc70dadc-745-1040.png"
"BP01-GR09","Pinkie Pie","GR","rarity-dinnwolt","176","745","1040","745","1040","true","Pinkie Pie/BP01-GR09__Pinkie Pie__front.png","Pinkie Pie/BP01-GR09__Pinkie Pie__back.png","https://static-sg.kayouofficial.com/overseas/website/2026/06/25/d2dc953b10a4c67da21ea1f85f6d1634-745-1040.png","https://static-sg.kayouofficial.com/overseas/website/2026/06/25/d0cd2102b8aaa564fd9b874bcc70dadc-745-1040.png"
"BP01-GR10","Applejack","GR","rarity-dinnwolt","177","744","1040","744","1040","true","Applejack/BP01-GR10__Applejack__front.png","Applejack/BP01-GR10__Applejack__back.png","https://static-sg.kayouofficial.com/overseas/website/2026/06/25/5d01de0f34dd7afb04a9a1d08cab8f8a-744-1040.png","https://static-sg.kayouofficial.com/overseas/website/2026/06/25/d0cd2102b8aaa564fd9b874bcc70dadc-745-1040.png"
"BP01-GR11","Rainbow Dash","GR","rarity-dinnwolt","178","745","1040","745","1040","true","Rainbow Dash/BP01-GR11__Rainbow Dash__front.png","Rainbow Dash/BP01-GR11__Rainbow Dash__back.png","https://static-sg.kayouofficial.com/overseas/website/2026/06/25/c508915b616821c96e09cf96f027d6d5-745-1040.png","https://static-sg.kayouofficial.com/overseas/website/2026/06/25/d0cd2102b8aaa564fd9b874bcc70dadc-745-1040.png"
"BP01-GR12","Rarity","GR","rarity-dinnwolt","179","745","1040","745","1040","true","Rarity/BP01-GR12__Rarity__front.png","Rarity/BP01-GR12__Rarity__back.png","https://static-sg.kayouofficial.com/overseas/website/2026/06/25/126478cc6f5ad3e91c55b5ff04b56922-745-1040.png","https://static-sg.kayouofficial.com/overseas/website/2026/06/25/d0cd2102b8aaa564fd9b874bcc70dadc-745-1040.png"
"BP01-CR01","Twilight Sparkle","CR","rarity-bk84qw42","180","745","1040","745","1040","true","Twilight Sparkle/BP01-CR01__Twilight Sparkle__front.png","Twilight Sparkle/BP01-CR01__Twilight Sparkle__back.png","https://static-sg.kayouofficial.com/overseas/website/2026/06/25/f9390d1bb7d7ddef3c2bb9ad249616df-745-1040.png","https://static-sg.kayouofficial.com/overseas/website/2026/06/25/23e967c08bf073a285add9703bec1051-745-1040.png"
"BP01-CR02","Fluttershy","CR","rarity-bk84qw42","181","745","1040","745","1040","true","Fluttershy/BP01-CR02__Fluttershy__front.png","Fluttershy/BP01-CR02__Fluttershy__back.png","https://static-sg.kayouofficial.com/overseas/website/2026/06/25/44d76fae4b7759e1432560bc44ae6603-745-1040.png","https://static-sg.kayouofficial.com/overseas/website/2026/06/25/23e967c08bf073a285add9703bec1051-745-1040.png"
"BP01-CR03","Pinkie Pie","CR","rarity-bk84qw42","182","745","1040","745","1040","true","Pinkie Pie/BP01-CR03__Pinkie Pie__front.png","Pinkie Pie/BP01-CR03__Pinkie Pie__back.png","https://static-sg.kayouofficial.com/overseas/website/2026/06/25/211a9c7aab3bb6db2d453b075940321b-745-1040.png","https://static-sg.kayouofficial.com/overseas/website/2026/06/25/23e967c08bf073a285add9703bec1051-745-1040.png"
"BP01-CR04","Applejack","CR","rarity-bk84qw42","183","745","1040","745","1040","true","Applejack/BP01-CR04__Applejack__front.png","Applejack/BP01-CR04__Applejack__back.png","https://static-sg.kayouofficial.com/overseas/website/2026/06/25/8efe7f0fdefc4cd5bbdada97fefac60b-745-1040.png","https://static-sg.kayouofficial.com/overseas/website/2026/06/25/23e967c08bf073a285add9703bec1051-745-1040.png"
"BP01-CR05","Rainbow Dash","CR","rarity-bk84qw42","184","745","1040","745","1040","true","Rainbow Dash/BP01-CR05__Rainbow Dash__front.png","Rainbow Dash/BP01-CR05__Rainbow Dash__back.png","https://static-sg.kayouofficial.com/overseas/website/2026/06/25/f9e7ac88958a37bbd8cce7c0f70141e1-745-1040.png","https://static-sg.kayouofficial.com/overseas/website/2026/06/25/23e967c08bf073a285add9703bec1051-745-1040.png"
"BP01-CR06","Rarity","CR","rarity-bk84qw42","185","745","1040","745","1040","true","Rarity/BP01-CR06__Rarity__front.png","Rarity/BP01-CR06__Rarity__back.png","https://static-sg.kayouofficial.com/overseas/website/2026/06/25/d89bc8120d1c7f2d62c0776b0488b2a3-745-1040.png","https://static-sg.kayouofficial.com/overseas/website/2026/06/25/23e967c08bf073a285add9703bec1051-745-1040.png"
"BP01-CR07","Twilight Sparkle","CR","rarity-bk84qw42","186","745","1040","745","1040","true","Twilight Sparkle/BP01-CR07__Twilight Sparkle__front.png","Twilight Sparkle/BP01-CR07__Twilight Sparkle__back.png","https://static-sg.kayouofficial.com/overseas/website/2026/06/25/e3989e639b490725941a67fc59e64c0c-745-1040.png","https://static-sg.kayouofficial.com/overseas/website/2026/06/25/23e967c08bf073a285add9703bec1051-745-1040.png"
"BP01-CR08","Fluttershy","CR","rarity-bk84qw42","187","745","1040","745","1040","true","Fluttershy/BP01-CR08__Fluttershy__front.png","Fluttershy/BP01-CR08__Fluttershy__back.png","https://static-sg.kayouofficial.com/overseas/website/2026/06/25/44324b5ceede408ee42717238412c4c8-745-1040.png","https://static-sg.kayouofficial.com/overseas/website/2026/06/25/23e967c08bf073a285add9703bec1051-745-1040.png"
"BP01-CR09","Pinkie Pie","CR","rarity-bk84qw42","188","745","1040","745","1040","true","Pinkie Pie/BP01-CR09__Pinkie Pie__front.png","Pinkie Pie/BP01-CR09__Pinkie Pie__back.png","https://static-sg.kayouofficial.com/overseas/website/2026/06/25/d4e7c5fad994f2da5c1296a64c5fcca4-745-1040.png","https://static-sg.kayouofficial.com/overseas/website/2026/06/25/23e967c08bf073a285add9703bec1051-745-1040.png"
"BP01-CR10","Applejack","CR","rarity-bk84qw42","189","745","1040","745","1040","true","Applejack/BP01-CR10__Applejack__front.png","Applejack/BP01-CR10__Applejack__back.png","https://static-sg.kayouofficial.com/overseas/website/2026/06/25/850c451cf889a8bf1364685bf042e9bb-745-1040.png","https://static-sg.kayouofficial.com/overseas/website/2026/06/25/23e967c08bf073a285add9703bec1051-745-1040.png"
"BP01-CR11","Rainbow Dash","CR","rarity-bk84qw42","190","745","1040","745","1040","true","Rainbow Dash/BP01-CR11__Rainbow Dash__front.png","Rainbow Dash/BP01-CR11__Rainbow Dash__back.png","https://static-sg.kayouofficial.com/overseas/website/2026/06/25/bd5fe14aa524dd7859676b5a43a1da8f-745-1040.png","https://static-sg.kayouofficial.com/overseas/website/2026/06/25/23e967c08bf073a285add9703bec1051-745-1040.png"
"BP01-CR12","Rarity","CR","rarity-bk84qw42","191","745","1040","745","1040","true","Rarity/BP01-CR12__Rarity__front.png","Rarity/BP01-CR12__Rarity__back.png","https://static-sg.kayouofficial.com/overseas/website/2026/06/25/45c68f629988203c57e0cb406420e385-745-1040.png","https://static-sg.kayouofficial.com/overseas/website/2026/06/25/23e967c08bf073a285add9703bec1051-745-1040.png"
